Topic,Language1,Language2,TopicSimilarity
animals,en,de,0.41621681155691626
animals,en,nl,0.41487812745664376
animals,en,cs,0.3668977733944233
animals,en,it,0.337473853743993
animals,en,es,0.3366132891716093
animals,en,PT-PT,0.3154493584890608
animals,en,ro,0.37879145029932365
animals,en,da,0.3379884841942664
animals,en,fr,0.33166094059879037
animals,en,pl,0.30949439451375926
animals,en,hu,0.3602977934136919
animals,en,el,0.30690209193443724
animals,en,NB,0.4304943379596374
animals,de,nl,0.560714966637013
animals,de,cs,0.4124070011722081
animals,de,it,0.375485776734705
animals,de,es,0.36402773504692876
animals,de,PT-PT,0.32267376296345457
animals,de,ro,0.4079986443299575
animals,de,da,0.3951586853959055
animals,de,fr,0.3394214367850996
animals,de,pl,0.3665729733323172
animals,de,hu,0.4086862667116342
animals,de,el,0.2714887478959782
animals,de,NB,0.5270249814564512
animals,nl,cs,0.4015452645020893
animals,nl,it,0.36746937845658256
animals,nl,es,0.36402646585684323
animals,nl,PT-PT,0.3070286133571625
animals,nl,ro,0.3957657450732047
animals,nl,da,0.3771538680754707
animals,nl,fr,0.3453620244380312
animals,nl,pl,0.36202465959920926
animals,nl,hu,0.3984004747932638
animals,nl,el,0.26319994110915956
animals,nl,NB,0.5017630074193723
animals,cs,it,0.38136339389613555
animals,cs,es,0.3822284693894353
animals,cs,PT-PT,0.33030825484107235
animals,cs,ro,0.4357483750327855
animals,cs,da,0.3014236167921728
animals,cs,fr,0.3406700437561947
animals,cs,pl,0.5144823289047656
animals,cs,hu,0.4408052606352589
animals,cs,el,0.27340458305917187
animals,cs,NB,0.40883326391318614
animals,it,es,0.5632556310625204
animals,it,PT-PT,0.47119518023888163
animals,it,ro,0.5482696035701949
animals,it,da,0.26951426889294283
animals,it,fr,0.47240100978011934
animals,it,pl,0.39141689946060776
animals,it,hu,0.36832932449063893
animals,it,el,0.2951065386584603
animals,it,NB,0.3530140103984431
animals,es,PT-PT,0.48636627678700634
animals,es,ro,0.5069636275064441
animals,es,da,0.2736060202365826
animals,es,fr,0.44681915192472577
animals,es,pl,0.3788928294411987
animals,es,hu,0.36358907220915604
animals,es,el,0.2907927160741403
animals,es,NB,0.3521272056562628
animals,PT-PT,ro,0.4441057854619868
animals,PT-PT,da,0.23535271201150323
animals,PT-PT,fr,0.4045962821913213
animals,PT-PT,pl,0.3347749323188151
animals,PT-PT,hu,0.3241334231439176
animals,PT-PT,el,0.2672105564437646
animals,PT-PT,NB,0.33981416628387995
animals,ro,da,0.29949059889478913
animals,ro,fr,0.4873074178632633
animals,ro,pl,0.43155084943088273
animals,ro,hu,0.4024282144167338
animals,ro,el,0.29584777829689307
animals,ro,NB,0.38736819004246575
animals,da,fr,0.25379578923905194
animals,da,pl,0.26503970209869127
animals,da,hu,0.2971240488086083
animals,da,el,0.21015518074166287
animals,da,NB,0.5051019044036531
animals,fr,pl,0.34902047137721287
animals,fr,hu,0.32020316540855237
animals,fr,el,0.28219940522906906
animals,fr,NB,0.3110129999440697
animals,pl,hu,0.38754102168793303
animals,pl,el,0.25774148903427335
animals,pl,NB,0.35520784382483833
animals,hu,el,0.2691973664137831
animals,hu,NB,0.4049473288761542
animals,el,NB,0.27004659276345944
body,en,de,0.34851654554806566
body,en,nl,0.34177823910321203
body,en,cs,0.21494353565356816
body,en,it,0.29904316013168986
body,en,es,0.27392646543817506
body,en,PT-PT,0.2866274677403569
body,en,ro,0.340521523399393
body,en,da,0.2353693685340535
body,en,fr,0.29508652861233164
body,en,pl,0.12762194320628478
body,en,hu,0.18554606506609392
body,en,el,0.21739270212032194
body,en,NB,0.3527139966720965
body,de,nl,0.4557583048513551
body,de,cs,0.23652092034160072
body,de,it,0.2683357391509494
body,de,es,0.22850307768990935
body,de,PT-PT,0.23109743001906194
body,de,ro,0.26603117081667815
body,de,da,0.3237573652581535
body,de,fr,0.2514318756051742
body,de,pl,0.14824789664340274
body,de,hu,0.1957160735615692
body,de,el,0.19519272315887018
body,de,NB,0.4275077566569333
body,nl,cs,0.20975181090211764
body,nl,it,0.23430402481334126
body,nl,es,0.21507169609626448
body,nl,PT-PT,0.20532114277128427
body,nl,ro,0.2410107697394627
body,nl,da,0.2989823881559717
body,nl,fr,0.2276567757395978
body,nl,pl,0.12448374831159881
body,nl,hu,0.16425479668893597
body,nl,el,0.17053862487250504
body,nl,NB,0.4059568857924477
body,cs,it,0.24235435706617492
body,cs,es,0.21171620850674583
body,cs,PT-PT,0.20396363148480948
body,cs,ro,0.231113310353409
body,cs,da,0.14690996465151718
body,cs,fr,0.19279462017192076
body,cs,pl,0.31741953197180267
body,cs,hu,0.2068852941236557
body,cs,el,0.19277429728414802
body,cs,NB,0.2072780987470725
body,it,es,0.542978208908711
body,it,PT-PT,0.5021260539420904
body,it,ro,0.4856905059637657
body,it,da,0.18824471705176943
body,it,fr,0.4540324128293511
body,it,pl,0.17517617393612187
body,it,hu,0.20303598079909121
body,it,el,0.2568598063923133
body,it,NB,0.27960282962134847
body,es,PT-PT,0.5369665275769855
body,es,ro,0.45938218045892576
body,es,da,0.16040446890106902
body,es,fr,0.4307803645395527
body,es,pl,0.1532082703163825
body,es,hu,0.1806403945096038
body,es,el,0.2498984484458939
body,es,NB,0.2456985341831208
body,PT-PT,ro,0.45548642973013936
body,PT-PT,da,0.15630398833546094
body,PT-PT,fr,0.4202808776860515
body,PT-PT,pl,0.1573869507859232
body,PT-PT,hu,0.1777500232171736
body,PT-PT,el,0.23402395689968555
body,PT-PT,NB,0.24934145630075277
body,ro,da,0.18698493378358474
body,ro,fr,0.4562765718047787
body,ro,pl,0.17617678721497324
body,ro,hu,0.18700630408264313
body,ro,el,0.22306306100849455
body,ro,NB,0.27833703091309453
body,da,fr,0.16706388974238315
body,da,pl,0.09869135933804778
body,da,hu,0.13931646010840296
body,da,el,0.13211671648801837
body,da,NB,0.4578847590286555
body,fr,pl,0.15279564663147446
body,fr,hu,0.18360700308553068
body,fr,el,0.23893528499555536
body,fr,NB,0.25250470459662466
body,pl,hu,0.14178537323587562
body,pl,el,0.14693645601016564
body,pl,NB,0.14035886705999148
body,hu,el,0.1507096069854085
body,hu,NB,0.1906593451131334
body,el,NB,0.17921013078095216
business,en,de,0.2908923824193538
business,en,nl,0.3449033739618835
business,en,cs,0.24655832865111424
business,en,it,0.3074921306608503
business,en,es,0.2944732142017583
business,en,PT-PT,0.28323989544360184
business,en,ro,0.3424218986751352
business,en,da,0.23358188033689067
business,en,fr,0.2950484577525607
business,en,pl,0.26107337220155774
business,en,hu,0.2145053925376028
business,en,el,0.17793308385647777
business,en,NB,0.303338421574239
business,de,nl,0.43163717879736524
business,de,cs,0.2826708518452401
business,de,it,0.2900192949457242
business,de,es,0.2688913539495406
business,de,PT-PT,0.23828999539255927
business,de,ro,0.3229705944228933
business,de,da,0.27616597492744716
business,de,fr,0.2721383019533147
business,de,pl,0.29947739662631745
business,de,hu,0.2390294519990817
business,de,el,0.17813244554634217
business,de,NB,0.3683535908016148
business,nl,cs,0.3056087893317822
business,nl,it,0.3195110150426469
business,nl,es,0.2913408661467186
business,nl,PT-PT,0.26007880103803
business,nl,ro,0.33923023542218594
business,nl,da,0.2875565039581489
business,nl,fr,0.2903114312942657
business,nl,pl,0.31687934446553045
business,nl,hu,0.23843224488187195
business,nl,el,0.17805889954962265
business,nl,NB,0.386864715193164
business,cs,it,0.28193541015120294
business,cs,es,0.25146202055770883
business,cs,PT-PT,0.23849642306505237
business,cs,ro,0.31188540077718485
business,cs,da,0.1852182940280513
business,cs,fr,0.2482798451433798
business,cs,pl,0.38290659467358673
business,cs,hu,0.23260556073500224
business,cs,el,0.19260366696216108
business,cs,NB,0.24963733779096317
business,it,es,0.492703141965321
business,it,PT-PT,0.4264385678356955
business,it,ro,0.48385118579085284
business,it,da,0.20555124121500287
business,it,fr,0.4060719865386966
business,it,pl,0.3112286834228319
business,it,hu,0.22659887055510822
business,it,el,0.20651822308527135
business,it,NB,0.2650912070133008
business,es,PT-PT,0.45654289582553303
business,es,ro,0.4212520238292388
business,es,da,0.2040668601767455
business,es,fr,0.38739855998624295
business,es,pl,0.2911540199981394
business,es,hu,0.20326006913349173
business,es,el,0.1984487555195524
business,es,NB,0.25382562307356654
business,PT-PT,ro,0.39658270765214126
business,PT-PT,da,0.17875093210687013
business,PT-PT,fr,0.3834962340127716
business,PT-PT,pl,0.2895734838987596
business,PT-PT,hu,0.18131631345980806
business,PT-PT,el,0.17873763701760792
business,PT-PT,NB,0.256883619082092
business,ro,da,0.2281665936712597
business,ro,fr,0.4551638112045161
business,ro,pl,0.3613360131024818
business,ro,hu,0.2548569703304011
business,ro,el,0.18277900010021025
business,ro,NB,0.2938301786603958
business,da,fr,0.20155849950259566
business,da,pl,0.21723828576527363
business,da,hu,0.1522203380313238
business,da,el,0.13904239463856266
business,da,NB,0.43517165598547886
business,fr,pl,0.29154828888167367
business,fr,hu,0.198691581100988
business,fr,el,0.1948652665847448
business,fr,NB,0.24996942733492872
business,pl,hu,0.22643461480633567
business,pl,el,0.18237366968865487
business,pl,NB,0.2954892805718032
business,hu,el,0.16742683867517225
business,hu,NB,0.2014966716195466
business,el,NB,0.16274329608975888
clothes,en,de,0.3296144082994799
clothes,en,nl,0.3423427345614986
clothes,en,cs,0.27865919412279183
clothes,en,it,0.2652237012182423
clothes,en,es,0.24156577872965213
clothes,en,PT-PT,0.2340750143677336
clothes,en,ro,0.2961793213569749
clothes,en,da,0.27959485737562845
clothes,en,fr,0.2630010570860416
clothes,en,pl,0.2553761405837919
clothes,en,hu,0.29065751743684703
clothes,en,el,0.2467179215514695
clothes,en,NB,0.3522296706794642
clothes,de,nl,0.43586864512783957
clothes,de,cs,0.302629969002713
clothes,de,it,0.2720327978154303
clothes,de,es,0.23902954376678529
clothes,de,PT-PT,0.23018210090970623
clothes,de,ro,0.3028399290808001
clothes,de,da,0.31675529413778897
clothes,de,fr,0.25174274450951506
clothes,de,pl,0.2681631785534575
clothes,de,hu,0.30134523293020665
clothes,de,el,0.21939765384000906
clothes,de,NB,0.40147247274260445
clothes,nl,cs,0.30692412274420183
clothes,nl,it,0.28781110003623644
clothes,nl,es,0.25936499647382877
clothes,nl,PT-PT,0.22335154688896733
clothes,nl,ro,0.3061551852450332
clothes,nl,da,0.3216554649650679
clothes,nl,fr,0.2765356513062654
clothes,nl,pl,0.2722098928384331
clothes,nl,hu,0.29381642307991723
clothes,nl,el,0.24448641032098117
clothes,nl,NB,0.4330704170921717
clothes,cs,it,0.294927594067277
clothes,cs,es,0.2588298581992701
clothes,cs,PT-PT,0.2516532389679273
clothes,cs,ro,0.29158646998812593
clothes,cs,da,0.23361518455370286
clothes,cs,fr,0.2513290393392738
clothes,cs,pl,0.39078727363978094
clothes,cs,hu,0.30773019059123546
clothes,cs,el,0.24888636561401165
clothes,cs,NB,0.3071040302089651
clothes,it,es,0.3774447879992739
clothes,it,PT-PT,0.3533371623489343
clothes,it,ro,0.42460423466856806
clothes,it,da,0.2190279510774484
clothes,it,fr,0.3640915372731631
clothes,it,pl,0.31673576441399703
clothes,it,hu,0.269692164380461
clothes,it,el,0.2970823727960845
clothes,it,NB,0.2648412325979633
clothes,es,PT-PT,0.3806358381729908
clothes,es,ro,0.35158281063586866
clothes,es,da,0.20292113537923576
clothes,es,fr,0.3187457339212453
clothes,es,pl,0.2812316075255886
clothes,es,hu,0.2494934810506409
clothes,es,el,0.27478817715357606
clothes,es,NB,0.25519822931132025
clothes,PT-PT,ro,0.3295721758105231
clothes,PT-PT,da,0.18301770416750412
clothes,PT-PT,fr,0.32020311493767395
clothes,PT-PT,pl,0.2707493474484833
clothes,PT-PT,hu,0.2439300890820922
clothes,PT-PT,el,0.2505083278966202
clothes,PT-PT,NB,0.24371180666375294
clothes,ro,da,0.23415711570036593
clothes,ro,fr,0.4028076928327201
clothes,ro,pl,0.31514094251787883
clothes,ro,hu,0.2775136144400814
clothes,ro,el,0.2887046871903277
clothes,ro,NB,0.2835751767645069
clothes,da,fr,0.19926343510391104
clothes,da,pl,0.21098113192850915
clothes,da,hu,0.2234121428391674
clothes,da,el,0.17806377068580462
clothes,da,NB,0.42617482132526086
clothes,fr,pl,0.27945285922666135
clothes,fr,hu,0.2359171217638334
clothes,fr,el,0.26748911416404675
clothes,fr,NB,0.2402485381425877
clothes,pl,hu,0.2808897513050598
clothes,pl,el,0.25512798497330635
clothes,pl,NB,0.29814347032308397
clothes,hu,el,0.2394138817488994
clothes,hu,NB,0.3009753937525535
clothes,el,NB,0.2435486028494304
colors,en,de,0.4289119073017378
colors,en,nl,0.45684198099452333
colors,en,cs,0.3841238798865918
colors,en,it,0.378889208581382
colors,en,es,0.34537016655660724
colors,en,PT-PT,0.33575271936438444
colors,en,ro,0.4184377298784079
colors,en,da,0.3522605454808844
colors,en,fr,0.3943217169725146
colors,en,pl,0.3035819524166982
colors,en,hu,0.3413143588991047
colors,en,el,0.3023266752080312
colors,en,NB,0.4465483904043226
colors,de,nl,0.568848736009753
colors,de,cs,0.4422348367263621
colors,de,it,0.41363834113709486
colors,de,es,0.3740910690063233
colors,de,PT-PT,0.33361130256693566
colors,de,ro,0.4297015602100349
colors,de,da,0.43981512837445047
colors,de,fr,0.3749887865540907
colors,de,pl,0.37353472798388054
colors,de,hu,0.41285042640974845
colors,de,el,0.30506730101072066
colors,de,NB,0.5516986544528917
colors,nl,cs,0.45365472568862397
colors,nl,it,0.42222653620335565
colors,nl,es,0.43812973749414436
colors,nl,PT-PT,0.37385933967439455
colors,nl,ro,0.43948008206482786
colors,nl,da,0.4262346645821223
colors,nl,fr,0.4500076789832522
colors,nl,pl,0.36514701165124896
colors,nl,hu,0.4042535618806805
colors,nl,el,0.3168417719701369
colors,nl,NB,0.5631695987628191
colors,cs,it,0.4013125597123603
colors,cs,es,0.392776009301433
colors,cs,PT-PT,0.35263803854282416
colors,cs,ro,0.4509593043491349
colors,cs,da,0.3296428383292791
colors,cs,fr,0.3687254019382634
colors,cs,pl,0.45405853562633225
colors,cs,hu,0.4914421501285908
colors,cs,el,0.29958328408602586
colors,cs,NB,0.44488792751504624
colors,it,es,0.560251130696046
colors,it,PT-PT,0.4764899489288822
colors,it,ro,0.535068133373218
colors,it,da,0.3088045263144964
colors,it,fr,0.49047994835008796
colors,it,pl,0.3953056698757097
colors,it,hu,0.38583853279765545
colors,it,el,0.3581177283445479
colors,it,NB,0.4015975819627365
colors,es,PT-PT,0.5047632217123743
colors,es,ro,0.462279622449114
colors,es,da,0.3001040155701173
colors,es,fr,0.44984419383098345
colors,es,pl,0.34686985566222855
colors,es,hu,0.37244753833736877
colors,es,el,0.34818536952136153
colors,es,NB,0.39262112651943165
colors,PT-PT,ro,0.42259386094131857
colors,PT-PT,da,0.258082860974187
colors,PT-PT,fr,0.4261687070822165
colors,PT-PT,pl,0.3237620215997585
colors,PT-PT,hu,0.33894648887171314
colors,PT-PT,el,0.2922704614815781
colors,PT-PT,NB,0.35927997725106403
colors,ro,da,0.3270165804064109
colors,ro,fr,0.491300066113127
colors,ro,pl,0.40136909935638754
colors,ro,hu,0.4166530738564637
colors,ro,el,0.3473642156281737
colors,ro,NB,0.412612575748169
colors,da,fr,0.296749041365193
colors,da,pl,0.28820639106656054
colors,da,hu,0.30975274725274726
colors,da,el,0.2498037370295596
colors,da,NB,0.5424992850840309
colors,fr,pl,0.35812219034427406
colors,fr,hu,0.3424363356815999
colors,fr,el,0.3292293144985069
colors,fr,NB,0.3700002888437584
colors,pl,hu,0.3650534493754833
colors,pl,el,0.29994718572111395
colors,pl,NB,0.37331768984311364
colors,hu,el,0.2934186437800596
colors,hu,NB,0.4267166214200112
colors,el,NB,0.30379547615340236
computer,en,de,0.40926620498339555
computer,en,nl,0.465886843726732
computer,en,cs,0.34840637251934026
computer,en,it,0.4096368433764336
computer,en,es,0.32693797260210505
computer,en,PT-PT,0.3433319082140865
computer,en,ro,0.3927238379901093
computer,en,da,0.3793268785774411
computer,en,fr,0.32886909823989485
computer,en,pl,0.33664175607308555
computer,en,hu,0.3680289918953197
computer,en,el,0.23327852263760576
computer,en,NB,0.39529127317279006
computer,de,nl,0.5195585349119483
computer,de,cs,0.3801253350734675
computer,de,it,0.3903367851628578
computer,de,es,0.32848936219105107
computer,de,PT-PT,0.3067728525611687
computer,de,ro,0.39206986698895596
computer,de,da,0.3866023174438067
computer,de,fr,0.3303181459769756
computer,de,pl,0.3508219694773
computer,de,hu,0.37983911383636576
computer,de,el,0.23764379964908958
computer,de,NB,0.43517663929247635
computer,nl,cs,0.4284732878356979
computer,nl,it,0.44156394025632556
computer,nl,es,0.38902160286660814
computer,nl,PT-PT,0.35425181729748295
computer,nl,ro,0.43789944976849404
computer,nl,da,0.3926672698970499
computer,nl,fr,0.3571122700476146
computer,nl,pl,0.4014250063840607
computer,nl,hu,0.4231567344134102
computer,nl,el,0.226650149868663
computer,nl,NB,0.46371070183352386
computer,cs,it,0.40076647931839127
computer,cs,es,0.3678333445411233
computer,cs,PT-PT,0.33701543008135026
computer,cs,ro,0.41210611335646513
computer,cs,da,0.30529861815384707
computer,cs,fr,0.3308325181436435
computer,cs,pl,0.49328378579247895
computer,cs,hu,0.41804582633257725
computer,cs,el,0.22820620073407843
computer,cs,NB,0.3990007211361399
computer,it,es,0.5231343103527105
computer,it,PT-PT,0.4997320710602039
computer,it,ro,0.5757264996419732
computer,it,da,0.3092813847284888
computer,it,fr,0.42485581408402884
computer,it,pl,0.4162531305693192
computer,it,hu,0.40487858766260104
computer,it,el,0.26182071465948686
computer,it,NB,0.3840739349562202
computer,es,PT-PT,0.5202611431510756
computer,es,ro,0.5001166968925311
computer,es,da,0.26246219694247935
computer,es,fr,0.4110247339789487
computer,es,pl,0.36299113366024977
computer,es,hu,0.3454754248595984
computer,es,el,0.24011314880254708
computer,es,NB,0.3435795055736103
computer,PT-PT,ro,0.5065234893188263
computer,PT-PT,da,0.25828326406331326
computer,PT-PT,fr,0.41711695649213243
computer,PT-PT,pl,0.3573053350332646
computer,PT-PT,hu,0.33448414191782583
computer,PT-PT,el,0.21984021245024193
computer,PT-PT,NB,0.3472106457469431
computer,ro,da,0.3236340913086729
computer,ro,fr,0.4852805574011214
computer,ro,pl,0.44748510434649186
computer,ro,hu,0.401130913531376
computer,ro,el,0.2362338901731032
computer,ro,NB,0.3936404456929973
computer,da,fr,0.2568878475463621
computer,da,pl,0.27415249105530554
computer,da,hu,0.2819961305352775
computer,da,el,0.17144930992795698
computer,da,NB,0.43763412094601634
computer,fr,pl,0.3573737431629847
computer,fr,hu,0.3221954054335753
computer,fr,el,0.2571744910987943
computer,fr,NB,0.33128448191515864
computer,pl,hu,0.36836683249483765
computer,pl,el,0.2055601656566467
computer,pl,NB,0.3606090527706931
computer,hu,el,0.19745942413193485
computer,hu,NB,0.38029885068887415
computer,el,NB,0.2134923283063439
cooking,en,de,0.32620576008915647
cooking,en,nl,0.36355228565173314
cooking,en,cs,0.2955017655943883
cooking,en,it,0.2710767597873545
cooking,en,es,0.28814039930387025
cooking,en,PT-PT,0.24333802324133816
cooking,en,ro,0.29316913674712625
cooking,en,da,0.27748566657406437
cooking,en,fr,0.3037261388090117
cooking,en,pl,0.23183559195481268
cooking,en,hu,0.2901887783793861
cooking,en,el,0.22980970113857582
cooking,en,NB,0.3193231722237247
cooking,de,nl,0.4599227135502216
cooking,de,cs,0.2663949191060355
cooking,de,it,0.23420854997535975
cooking,de,es,0.24476078716624017
cooking,de,PT-PT,0.22953833306043253
cooking,de,ro,0.2823344344098924
cooking,de,da,0.3014345493445522
cooking,de,fr,0.2527680003108907
cooking,de,pl,0.2540235397861161
cooking,de,hu,0.2605389481443567
cooking,de,el,0.19672529781936587
cooking,de,NB,0.38492779876903166
cooking,nl,cs,0.2796773483440692
cooking,nl,it,0.24498900469407453
cooking,nl,es,0.24588975012276926
cooking,nl,PT-PT,0.21813588498671369
cooking,nl,ro,0.26992583897998434
cooking,nl,da,0.3038370699282302
cooking,nl,fr,0.26719037561578995
cooking,nl,pl,0.2352350861474153
cooking,nl,hu,0.2682069925163848
cooking,nl,el,0.19446262317373103
cooking,nl,NB,0.33526468927021413
cooking,cs,it,0.24163633057441963
cooking,cs,es,0.25093420599189203
cooking,cs,PT-PT,0.2192156159900716
cooking,cs,ro,0.29843987547086087
cooking,cs,da,0.20637559893734742
cooking,cs,fr,0.23299111019699256
cooking,cs,pl,0.43013919055646305
cooking,cs,hu,0.30322327244247943
cooking,cs,el,0.20507435388214684
cooking,cs,NB,0.25232518567747686
cooking,it,es,0.4228086979102579
cooking,it,PT-PT,0.3885688333080274
cooking,it,ro,0.39385801876180404
cooking,it,da,0.20138386691847854
cooking,it,fr,0.3621985951974578
cooking,it,pl,0.2566049753309217
cooking,it,hu,0.2293959168877921
cooking,it,el,0.22981847208965217
cooking,it,NB,0.2584901291068012
cooking,es,PT-PT,0.4743030125545563
cooking,es,ro,0.34852927487285973
cooking,es,da,0.1812747962325473
cooking,es,fr,0.3581589572814793
cooking,es,pl,0.2381918921875818
cooking,es,hu,0.24802741764067734
cooking,es,el,0.2149869732883776
cooking,es,NB,0.24416451096659095
cooking,PT-PT,ro,0.3319401939858468
cooking,PT-PT,da,0.16086332329426253
cooking,PT-PT,fr,0.34385737037670744
cooking,PT-PT,pl,0.22337543437790602
cooking,PT-PT,hu,0.19299716551097768
cooking,PT-PT,el,0.1988757736722261
cooking,PT-PT,NB,0.23802358629706696
cooking,ro,da,0.21688870317639794
cooking,ro,fr,0.3714522452690183
cooking,ro,pl,0.2880565320918621
cooking,ro,hu,0.24472315420222646
cooking,ro,el,0.22425667326437898
cooking,ro,NB,0.2580718062078068
cooking,da,fr,0.2111992519451083
cooking,da,pl,0.18145288203444643
cooking,da,hu,0.16113840885940334
cooking,da,el,0.1432867655752215
cooking,da,NB,0.41780835033597463
cooking,fr,pl,0.23471010952473584
cooking,fr,hu,0.21450937031047526
cooking,fr,el,0.2151296923650806
cooking,fr,NB,0.23902728640297702
cooking,pl,hu,0.21603097840739596
cooking,pl,el,0.17297035982336942
cooking,pl,NB,0.2473265599864902
cooking,hu,el,0.18054778570916982
cooking,hu,NB,0.2173688956838128
cooking,el,NB,0.18739796155832794
desserts,en,de,0.3990899231843553
desserts,en,nl,0.4406594383623152
desserts,en,cs,0.334056390391295
desserts,en,it,0.2814061138292229
desserts,en,es,0.27321180554082763
desserts,en,PT-PT,0.29729399186525624
desserts,en,ro,0.33363491369943665
desserts,en,da,0.32999692004855735
desserts,en,fr,0.3079624218367902
desserts,en,pl,0.31417930243034414
desserts,en,hu,0.3170746568859041
desserts,en,el,0.31715907895172446
desserts,en,NB,0.44640972071199636
desserts,de,nl,0.511357493941442
desserts,de,cs,0.36248664791900725
desserts,de,it,0.3123090992945076
desserts,de,es,0.2908058818794154
desserts,de,PT-PT,0.2550310370366137
desserts,de,ro,0.3387943530475064
desserts,de,da,0.3417220709450411
desserts,de,fr,0.2987493204611437
desserts,de,pl,0.3091652171818022
desserts,de,hu,0.3571071270295827
desserts,de,el,0.27011160525981487
desserts,de,NB,0.45555588841339933
desserts,nl,cs,0.38821734911563194
desserts,nl,it,0.3342242303870855
desserts,nl,es,0.3176798386116558
desserts,nl,PT-PT,0.293023419971521
desserts,nl,ro,0.38571350413432465
desserts,nl,da,0.3985800408336057
desserts,nl,fr,0.3317142506000901
desserts,nl,pl,0.3542449150911549
desserts,nl,hu,0.3750449462529415
desserts,nl,el,0.2806471512142975
desserts,nl,NB,0.4916170639388759
desserts,cs,it,0.3157608690873671
desserts,cs,es,0.29522539931137465
desserts,cs,PT-PT,0.2849977895972801
desserts,cs,ro,0.3543976534446526
desserts,cs,da,0.2781817446982914
desserts,cs,fr,0.29080981244140824
desserts,cs,pl,0.40171641183932494
desserts,cs,hu,0.4345119754822263
desserts,cs,el,0.2650317917677701
desserts,cs,NB,0.3634112982147393
desserts,it,es,0.49442473098957984
desserts,it,PT-PT,0.45381890666343394
desserts,it,ro,0.4615307174735563
desserts,it,da,0.24220729510785105
desserts,it,fr,0.42221655130599217
desserts,it,pl,0.36989122039853883
desserts,it,hu,0.32541568874120685
desserts,it,el,0.32350959040614563
desserts,it,NB,0.3263159411390525
desserts,es,PT-PT,0.466095278313575
desserts,es,ro,0.41394988296949353
desserts,es,da,0.25314091160720825
desserts,es,fr,0.40629223781906304
desserts,es,pl,0.36466229801085376
desserts,es,hu,0.3115832791606693
desserts,es,el,0.31819701389692906
desserts,es,NB,0.33145368932142466
desserts,PT-PT,ro,0.4069358814049204
desserts,PT-PT,da,0.24248337845680923
desserts,PT-PT,fr,0.4087164901213659
desserts,PT-PT,pl,0.3181203502006736
desserts,PT-PT,hu,0.2887130499285193
desserts,PT-PT,el,0.3064575467031308
desserts,PT-PT,NB,0.3349706879269235
desserts,ro,da,0.29695339433495194
desserts,ro,fr,0.40494003124097583
desserts,ro,pl,0.3926375948290805
desserts,ro,hu,0.3569695813950952
desserts,ro,el,0.31965366911212134
desserts,ro,NB,0.3591237526668084
desserts,da,fr,0.28993668621859775
desserts,da,pl,0.26149174273501236
desserts,da,hu,0.27280893356942487
desserts,da,el,0.2432546589599038
desserts,da,NB,0.47804277025594055
desserts,fr,pl,0.3517113488312457
desserts,fr,hu,0.3116001886834332
desserts,fr,el,0.3342638614453599
desserts,fr,NB,0.3291666671783481
desserts,pl,hu,0.34299717297724835
desserts,pl,el,0.29595571660453807
desserts,pl,NB,0.33310243757351315
desserts,hu,el,0.26530401245988094
desserts,hu,NB,0.3738311496856501
desserts,el,NB,0.29359558516602313
driving,en,de,0.32620576008915647
driving,en,nl,0.36355228565173314
driving,en,cs,0.2955017655943883
driving,en,it,0.2710767597873545
driving,en,es,0.28814039930387025
driving,en,PT-PT,0.24333802324133816
driving,en,ro,0.29316913674712625
driving,en,da,0.27748566657406437
driving,en,fr,0.3037261388090117
driving,en,pl,0.23183559195481268
driving,en,hu,0.2901887783793861
driving,en,el,0.22980970113857582
driving,en,NB,0.3193231722237247
driving,de,nl,0.4599227135502216
driving,de,cs,0.2663949191060355
driving,de,it,0.23420854997535975
driving,de,es,0.24476078716624017
driving,de,PT-PT,0.22953833306043253
driving,de,ro,0.2823344344098924
driving,de,da,0.3014345493445522
driving,de,fr,0.2527680003108907
driving,de,pl,0.2540235397861161
driving,de,hu,0.2605389481443567
driving,de,el,0.19672529781936587
driving,de,NB,0.38492779876903166
driving,nl,cs,0.2796773483440692
driving,nl,it,0.24498900469407453
driving,nl,es,0.24588975012276926
driving,nl,PT-PT,0.21813588498671369
driving,nl,ro,0.26992583897998434
driving,nl,da,0.3038370699282302
driving,nl,fr,0.26719037561578995
driving,nl,pl,0.2352350861474153
driving,nl,hu,0.2682069925163848
driving,nl,el,0.19446262317373103
driving,nl,NB,0.33526468927021413
driving,cs,it,0.24163633057441963
driving,cs,es,0.25093420599189203
driving,cs,PT-PT,0.2192156159900716
driving,cs,ro,0.29843987547086087
driving,cs,da,0.20637559893734742
driving,cs,fr,0.23299111019699256
driving,cs,pl,0.43013919055646305
driving,cs,hu,0.30322327244247943
driving,cs,el,0.20507435388214684
driving,cs,NB,0.25232518567747686
driving,it,es,0.4228086979102579
driving,it,PT-PT,0.3885688333080274
driving,it,ro,0.39385801876180404
driving,it,da,0.20138386691847854
driving,it,fr,0.3621985951974578
driving,it,pl,0.2566049753309217
driving,it,hu,0.2293959168877921
driving,it,el,0.22981847208965217
driving,it,NB,0.2584901291068012
driving,es,PT-PT,0.4743030125545563
driving,es,ro,0.34852927487285973
driving,es,da,0.1812747962325473
driving,es,fr,0.3581589572814793
driving,es,pl,0.2381918921875818
driving,es,hu,0.24802741764067734
driving,es,el,0.2149869732883776
driving,es,NB,0.24416451096659095
driving,PT-PT,ro,0.3319401939858468
driving,PT-PT,da,0.16086332329426253
driving,PT-PT,fr,0.34385737037670744
driving,PT-PT,pl,0.22337543437790602
driving,PT-PT,hu,0.19299716551097768
driving,PT-PT,el,0.1988757736722261
driving,PT-PT,NB,0.23802358629706696
driving,ro,da,0.21688870317639794
driving,ro,fr,0.3714522452690183
driving,ro,pl,0.2880565320918621
driving,ro,hu,0.24472315420222646
driving,ro,el,0.22425667326437898
driving,ro,NB,0.2580718062078068
driving,da,fr,0.2111992519451083
driving,da,pl,0.18145288203444643
driving,da,hu,0.16113840885940334
driving,da,el,0.1432867655752215
driving,da,NB,0.41780835033597463
driving,fr,pl,0.23471010952473584
driving,fr,hu,0.21450937031047526
driving,fr,el,0.2151296923650806
driving,fr,NB,0.23902728640297702
driving,pl,hu,0.21603097840739596
driving,pl,el,0.17297035982336942
driving,pl,NB,0.2473265599864902
driving,hu,el,0.18054778570916982
driving,hu,NB,0.2173688956838128
driving,el,NB,0.18739796155832794
emotions,en,de,0.2261285602451016
emotions,en,nl,0.242722630994297
emotions,en,cs,0.23186647548364536
emotions,en,it,0.3197757646214314
emotions,en,es,0.2756514991625795
emotions,en,PT-PT,0.28361750275144443
emotions,en,ro,0.2948801384066885
emotions,en,da,0.1730214828701176
emotions,en,fr,0.3061047205882979
emotions,en,pl,0.1841321752018579
emotions,en,hu,0.187787688282346
emotions,en,el,0.17739001898985837
emotions,en,NB,0.23902191002507583
emotions,de,nl,0.3780696016598272
emotions,de,cs,0.2112601469246759
emotions,de,it,0.2100953557720475
emotions,de,es,0.20100040936507105
emotions,de,PT-PT,0.19466626117997193
emotions,de,ro,0.2474887066410632
emotions,de,da,0.21581170006179898
emotions,de,fr,0.24228248777120956
emotions,de,pl,0.18087661392614954
emotions,de,hu,0.20728210281781712
emotions,de,el,0.15975340694491513
emotions,de,NB,0.30445411939772843
emotions,nl,cs,0.2203129451387965
emotions,nl,it,0.22623624287158123
emotions,nl,es,0.20673707558106055
emotions,nl,PT-PT,0.17965295697988498
emotions,nl,ro,0.2411508454629765
emotions,nl,da,0.21891086038790825
emotions,nl,fr,0.2328691045796309
emotions,nl,pl,0.17398572912173088
emotions,nl,hu,0.19599872767166
emotions,nl,el,0.17004784400571663
emotions,nl,NB,0.3057387526842414
emotions,cs,it,0.22554794246247142
emotions,cs,es,0.2056366663951803
emotions,cs,PT-PT,0.1891289960379092
emotions,cs,ro,0.2334933995868221
emotions,cs,da,0.1387676326882896
emotions,cs,fr,0.21431658665183653
emotions,cs,pl,0.36209768473700366
emotions,cs,hu,0.18700915834374482
emotions,cs,el,0.18475569346865234
emotions,cs,NB,0.19806822403848054
emotions,it,es,0.465766266941079
emotions,it,PT-PT,0.4160039186464092
emotions,it,ro,0.4037195526890833
emotions,it,da,0.149157065179028
emotions,it,fr,0.3627858357181665
emotions,it,pl,0.21072652806675363
emotions,it,hu,0.20736132601734106
emotions,it,el,0.21111011083368444
emotions,it,NB,0.2182928861030365
emotions,es,PT-PT,0.4238982123400988
emotions,es,ro,0.34928694291134915
emotions,es,da,0.15548010474553806
emotions,es,fr,0.35151178186892473
emotions,es,pl,0.20323249008841665
emotions,es,hu,0.19827075076135225
emotions,es,el,0.20081178036175829
emotions,es,NB,0.2045756457410593
emotions,PT-PT,ro,0.32885224032456684
emotions,PT-PT,da,0.12773372372859673
emotions,PT-PT,fr,0.3266498228991537
emotions,PT-PT,pl,0.17927342687069983
emotions,PT-PT,hu,0.18334195940998357
emotions,PT-PT,el,0.1774837991327842
emotions,PT-PT,NB,0.1884903281706047
emotions,ro,da,0.1710215978654123
emotions,ro,fr,0.3699845567010683
emotions,ro,pl,0.2311653193385978
emotions,ro,hu,0.2062132494764987
emotions,ro,el,0.18611578027753536
emotions,ro,NB,0.2395400169050247
emotions,da,fr,0.16190109850576812
emotions,da,pl,0.12658305084426502
emotions,da,hu,0.12829366501457914
emotions,da,el,0.12155986610917477
emotions,da,NB,0.44146652412135196
emotions,fr,pl,0.2047120464551911
emotions,fr,hu,0.18644509208418983
emotions,fr,el,0.1909829877847348
emotions,fr,NB,0.22538606965298696
emotions,pl,hu,0.18010603947136455
emotions,pl,el,0.14566890061140392
emotions,pl,NB,0.1748070934299373
emotions,hu,el,0.15185496938316487
emotions,hu,NB,0.19063189838565775
emotions,el,NB,0.1652513535778684
family,en,de,0.295489498106775
family,en,nl,0.29949041669936977
family,en,cs,0.21889003006162114
family,en,it,0.25668018132052667
family,en,es,0.2579485487693608
family,en,PT-PT,0.21968538333219084
family,en,ro,0.2539700925305482
family,en,da,0.22039019039518698
family,en,fr,0.28269221321091526
family,en,pl,0.19474880479894613
family,en,hu,0.17641889169996655
family,en,el,0.17313705049148292
family,en,NB,0.2915366092595952
family,de,nl,0.4424585695895765
family,de,cs,0.215637137275312
family,de,it,0.2190959700110915
family,de,es,0.20406235916272597
family,de,PT-PT,0.18528680965787567
family,de,ro,0.23200686114331118
family,de,da,0.24360090917071275
family,de,fr,0.2196882623973669
family,de,pl,0.20389358768409616
family,de,hu,0.2087465071751825
family,de,el,0.15886813382582468
family,de,NB,0.3322806084449644
family,nl,cs,0.23559023061879267
family,nl,it,0.2382900019255434
family,nl,es,0.24343303409547182
family,nl,PT-PT,0.18769527642898454
family,nl,ro,0.2299396751398619
family,nl,da,0.25250748781981225
family,nl,fr,0.2433315993441431
family,nl,pl,0.21222824408376806
family,nl,hu,0.20630978895855812
family,nl,el,0.16082779250458143
family,nl,NB,0.3496908247131191
family,cs,it,0.23818530545335972
family,cs,es,0.23384976241434044
family,cs,PT-PT,0.20473604321601774
family,cs,ro,0.2498792236679654
family,cs,da,0.15771737360947646
family,cs,fr,0.22254521726291984
family,cs,pl,0.4193667393006554
family,cs,hu,0.21280561974528242
family,cs,el,0.18188974555473242
family,cs,NB,0.21304046150993083
family,it,es,0.4868662760406686
family,it,PT-PT,0.42727678312612427
family,it,ro,0.3998344805536217
family,it,da,0.14792435849913121
family,it,fr,0.3724366581663576
family,it,pl,0.23838810533814908
family,it,hu,0.21626661856815374
family,it,el,0.20019858406431407
family,it,NB,0.2110301826973822
family,es,PT-PT,0.4663896635297271
family,es,ro,0.32255431940618373
family,es,da,0.16087800192734517
family,es,fr,0.34143189371370314
family,es,pl,0.23283215350704242
family,es,hu,0.20000055522328608
family,es,el,0.1945151768739732
family,es,NB,0.20101541902612877
family,PT-PT,ro,0.3186434867916938
family,PT-PT,da,0.137356542140956
family,PT-PT,fr,0.3442823280933569
family,PT-PT,pl,0.20524563540438093
family,PT-PT,hu,0.18433139977872118
family,PT-PT,el,0.1673706555323057
family,PT-PT,NB,0.19783314681087877
family,ro,da,0.1619150718851162
family,ro,fr,0.3386582043319996
family,ro,pl,0.23312621453374752
family,ro,hu,0.20226986224119456
family,ro,el,0.16352085750015183
family,ro,NB,0.2043985569216085
family,da,fr,0.17270389634418562
family,da,pl,0.151214332728363
family,da,hu,0.13393709676090587
family,da,el,0.11159378861407339
family,da,NB,0.4721177781196319
family,fr,pl,0.21655449446811845
family,fr,hu,0.20670410000559442
family,fr,el,0.18428375851569448
family,fr,NB,0.24192761362678245
family,pl,hu,0.20521839805817668
family,pl,el,0.16949186477331818
family,pl,NB,0.2059307934833746
family,hu,el,0.15598415954164915
family,hu,NB,0.18508301322195725
family,el,NB,0.14413837493897272
food,en,de,0.3769306512372758
food,en,nl,0.41689179624848005
food,en,cs,0.3109914677034614
food,en,it,0.32160011085509876
food,en,es,0.3034515239813163
food,en,PT-PT,0.2826430914334386
food,en,ro,0.34203969443850296
food,en,da,0.30979727607196234
food,en,fr,0.32981358070245753
food,en,pl,0.2856590171475118
food,en,hu,0.3047270199488432
food,en,el,0.28551706638391205
food,en,NB,0.3897361426399786
food,de,nl,0.5142371166412901
food,de,cs,0.36313516557634695
food,de,it,0.32498882772366955
food,de,es,0.30049358791876374
food,de,PT-PT,0.2723054735661063
food,de,ro,0.3460062196312003
food,de,da,0.3523148602515158
food,de,fr,0.3024137606910593
food,de,pl,0.32307799777703716
food,de,hu,0.35412846171881984
food,de,el,0.269873884320448
food,de,NB,0.45490676712285016
food,nl,cs,0.35338219392412706
food,nl,it,0.3334655890596155
food,nl,es,0.32141354223726626
food,nl,PT-PT,0.27794762457695643
food,nl,ro,0.3502818326207532
food,nl,da,0.35376526877137776
food,nl,fr,0.3367428619958049
food,nl,pl,0.31911000246452326
food,nl,hu,0.3459078543950296
food,nl,el,0.270408439616981
food,nl,NB,0.46206478569377224
food,cs,it,0.33189942190420285
food,cs,es,0.29619046101163693
food,cs,PT-PT,0.2812017951185546
food,cs,ro,0.3615117867076084
food,cs,da,0.270607000566237
food,cs,fr,0.2990299199117541
food,cs,pl,0.46107139584017054
food,cs,hu,0.3958833327739938
food,cs,el,0.27814903867862634
food,cs,NB,0.35814288869147504
food,it,es,0.47396054294549017
food,it,PT-PT,0.41426352116006165
food,it,ro,0.44582572332844533
food,it,da,0.2523311697923246
food,it,fr,0.40804010234292815
food,it,pl,0.34683401736386815
food,it,hu,0.322632003892175
food,it,el,0.32164950422192246
food,it,NB,0.33229729181635387
food,es,PT-PT,0.4546020773269554
food,es,ro,0.3845666070609988
food,es,da,0.2498458642563843
food,es,fr,0.38425883085418805
food,es,pl,0.3127700069475369
food,es,hu,0.2968050561761412
food,es,el,0.3076787833360094
food,es,NB,0.3163623197701816
food,PT-PT,ro,0.3583197245518676
food,PT-PT,da,0.21315354260717814
food,PT-PT,fr,0.3599850851460128
food,PT-PT,pl,0.2942689146664469
food,PT-PT,hu,0.26495014374714043
food,PT-PT,el,0.27990219022583884
food,PT-PT,NB,0.2973221657585502
food,ro,da,0.2679161215503873
food,ro,fr,0.40017559986965057
food,ro,pl,0.35664358490546844
food,ro,hu,0.33282408994142426
food,ro,el,0.3106570030891376
food,ro,NB,0.3357351812264885
food,da,fr,0.2515831180176819
food,da,pl,0.24499752310573994
food,da,hu,0.26340374853295007
food,da,el,0.21367201168188096
food,da,NB,0.4766705467158418
food,fr,pl,0.3051862283769533
food,fr,hu,0.2867667263655322
food,fr,el,0.2861513827287881
food,fr,NB,0.3086633396399739
food,pl,hu,0.3399387346793152
food,pl,el,0.2742364214605592
food,pl,NB,0.3272736369877694
food,hu,el,0.26355639606945747
food,hu,NB,0.3533059789340566
food,el,NB,0.2715539329045493
fruits,en,de,0.4818894949847331
fruits,en,nl,0.4793269711816077
fruits,en,cs,0.39992930350073197
fruits,en,it,0.3491335150999017
fruits,en,es,0.36780540887683744
fruits,en,PT-PT,0.33156265873352714
fruits,en,ro,0.4494486574465935
fruits,en,da,0.3794907264832077
fruits,en,fr,0.36078467387991203
fruits,en,pl,0.358259305771789
fruits,en,hu,0.41525551168408315
fruits,en,el,0.3498440790457597
fruits,en,NB,0.5071116493735541
fruits,de,nl,0.5700237083069164
fruits,de,cs,0.4355990129799653
fruits,de,it,0.38097617446356946
fruits,de,es,0.38208524279952855
fruits,de,PT-PT,0.33566487719148785
fruits,de,ro,0.4517090448960565
fruits,de,da,0.41625744301182893
fruits,de,fr,0.35097605216652844
fruits,de,pl,0.38177835056412573
fruits,de,hu,0.444818232913471
fruits,de,el,0.3053512884045097
fruits,de,NB,0.545053051005432
fruits,nl,cs,0.41099986873796396
fruits,nl,it,0.36940730530956106
fruits,nl,es,0.37398535512570613
fruits,nl,PT-PT,0.32986034569773337
fruits,nl,ro,0.4125199352495534
fruits,nl,da,0.4151422141397078
fruits,nl,fr,0.38748457056727736
fruits,nl,pl,0.37220980179511426
fruits,nl,hu,0.38949867546358785
fruits,nl,el,0.28430362841574697
fruits,nl,NB,0.532906196189404
fruits,cs,it,0.3696637577589958
fruits,cs,es,0.36119403083688795
fruits,cs,PT-PT,0.3394241534997838
fruits,cs,ro,0.41701450615279295
fruits,cs,da,0.34777361086884895
fruits,cs,fr,0.3328946626565675
fruits,cs,pl,0.5306748797736497
fruits,cs,hu,0.5038903336522383
fruits,cs,el,0.33116784398297006
fruits,cs,NB,0.44545811331525614
fruits,it,es,0.5021076068344976
fruits,it,PT-PT,0.45097391455934865
fruits,it,ro,0.4586535936639136
fruits,it,da,0.2991919386656229
fruits,it,fr,0.4108781222926881
fruits,it,pl,0.3824702416804474
fruits,it,hu,0.37254082156042945
fruits,it,el,0.32576068241334344
fruits,it,NB,0.3708434785465599
fruits,es,PT-PT,0.496920007319167
fruits,es,ro,0.3971783330216177
fruits,es,da,0.3101954633596237
fruits,es,fr,0.41172291112767306
fruits,es,pl,0.37435553436040586
fruits,es,hu,0.37863054053530243
fruits,es,el,0.29961397016719143
fruits,es,NB,0.3817726805822044
fruits,PT-PT,ro,0.35730076331027244
fruits,PT-PT,da,0.28690711934114554
fruits,PT-PT,fr,0.370702614119981
fruits,PT-PT,pl,0.33794719175915133
fruits,PT-PT,hu,0.3500405717842693
fruits,PT-PT,el,0.2749113113258771
fruits,PT-PT,NB,0.37107460829449623
fruits,ro,da,0.33907746968523905
fruits,ro,fr,0.3511575581308738
fruits,ro,pl,0.38566233109841175
fruits,ro,hu,0.43347746581013574
fruits,ro,el,0.38425830889342605
fruits,ro,NB,0.4200226536858558
fruits,da,fr,0.28585621655797094
fruits,da,pl,0.327620259053702
fruits,da,hu,0.338208843973255
fruits,da,el,0.23754799013349798
fruits,da,NB,0.5441812782038347
fruits,fr,pl,0.3148566115409374
fruits,fr,hu,0.3092474765093812
fruits,fr,el,0.26418570795321494
fruits,fr,NB,0.32754886207267153
fruits,pl,hu,0.45900422475443786
fruits,pl,el,0.33311927977163636
fruits,pl,NB,0.42796154034736433
fruits,hu,el,0.32802672350991674
fruits,hu,NB,0.4463838630505298
fruits,el,NB,0.2986874716216453
furniture,en,de,0.2652281777197883
furniture,en,nl,0.32896652364436896
furniture,en,cs,0.22460637526778818
furniture,en,it,0.21543672984749912
furniture,en,es,0.21540112163978795
furniture,en,PT-PT,0.21825203743989957
furniture,en,ro,0.2588556210479061
furniture,en,da,0.22878083226705193
furniture,en,fr,0.21821401678131636
furniture,en,pl,0.21143488069890906
furniture,en,hu,0.2169849622305835
furniture,en,el,0.18500250079510433
furniture,en,NB,0.27202360702652983
furniture,de,nl,0.42557294734328227
furniture,de,cs,0.2616986985881636
furniture,de,it,0.23241166350162282
furniture,de,es,0.22170446470289096
furniture,de,PT-PT,0.22474009446133156
furniture,de,ro,0.2703316316591594
furniture,de,da,0.30309992718845474
furniture,de,fr,0.2374874798944924
furniture,de,pl,0.24589550997965895
furniture,de,hu,0.2518891599955273
furniture,de,el,0.18920906150775485
furniture,de,NB,0.38597790632176526
furniture,nl,cs,0.22737250511125243
furniture,nl,it,0.24430361535774128
furniture,nl,es,0.22974137929860525
furniture,nl,PT-PT,0.21830240737484283
furniture,nl,ro,0.2590516491103611
furniture,nl,da,0.2961238587028818
furniture,nl,fr,0.24027287284366888
furniture,nl,pl,0.22539924195544916
furniture,nl,hu,0.23498495670008368
furniture,nl,el,0.17812785867353959
furniture,nl,NB,0.3808973776525575
furniture,cs,it,0.24798461846853287
furniture,cs,es,0.21473522586395782
furniture,cs,PT-PT,0.21666636977107082
furniture,cs,ro,0.2560765094119803
furniture,cs,da,0.2062426878235296
furniture,cs,fr,0.21696953897315455
furniture,cs,pl,0.3305946054181565
furniture,cs,hu,0.2715413068099855
furniture,cs,el,0.18523130296685691
furniture,cs,NB,0.2723155163327607
furniture,it,es,0.35927356745189604
furniture,it,PT-PT,0.33974951328933045
furniture,it,ro,0.35266172463014217
furniture,it,da,0.19073233234060627
furniture,it,fr,0.33800906712230644
furniture,it,pl,0.26753861312798527
furniture,it,hu,0.21980934429827068
furniture,it,el,0.26221389045419236
furniture,it,NB,0.23126322729045523
furniture,es,PT-PT,0.4114021195336561
furniture,es,ro,0.3514454350209709
furniture,es,da,0.19207037501635374
furniture,es,fr,0.30403846145393615
furniture,es,pl,0.24952402613268088
furniture,es,hu,0.20701184693845842
furniture,es,el,0.23877470822637462
furniture,es,NB,0.2548717940045812
furniture,PT-PT,ro,0.31264375636213576
furniture,PT-PT,da,0.1911503398710682
furniture,PT-PT,fr,0.31486411954728083
furniture,PT-PT,pl,0.25654820673071865
furniture,PT-PT,hu,0.21590206427714242
furniture,PT-PT,el,0.2536098671448453
furniture,PT-PT,NB,0.270398303384619
furniture,ro,da,0.21284028462235768
furniture,ro,fr,0.4092867704338297
furniture,ro,pl,0.314822396988071
furniture,ro,hu,0.25198656086290727
furniture,ro,el,0.26766031292907394
furniture,ro,NB,0.2708823295120781
furniture,da,fr,0.19314433765060535
furniture,da,pl,0.2130333473828734
furniture,da,hu,0.20785936590538334
furniture,da,el,0.1529424801887801
furniture,da,NB,0.48129012848128877
furniture,fr,pl,0.29653932547236933
furniture,fr,hu,0.24422112247785024
furniture,fr,el,0.22884153448724157
furniture,fr,NB,0.22889909221043261
furniture,pl,hu,0.2456471934426362
furniture,pl,el,0.21273614568077123
furniture,pl,NB,0.2589653739928548
furniture,hu,el,0.20631044610670618
furniture,hu,NB,0.25715199388260074
furniture,el,NB,0.19476291735984191
house,en,de,0.23940093507521543
house,en,nl,0.2775942820216913
house,en,cs,0.19207917471097025
house,en,it,0.18819102812477326
house,en,es,0.19917627903600787
house,en,PT-PT,0.1900122551792482
house,en,ro,0.2165703643569014
house,en,da,0.2020339217720348
house,en,fr,0.20035721475020596
house,en,pl,0.15893909812569398
house,en,hu,0.18733567492768963
house,en,el,0.17028915326622987
house,en,NB,0.26454152595422936
house,de,nl,0.37483313125131024
house,de,cs,0.2185954827001416
house,de,it,0.19571144017609385
house,de,es,0.17781323386285286
house,de,PT-PT,0.18177132983044605
house,de,ro,0.24111284278659365
house,de,da,0.27787871783214757
house,de,fr,0.18706839459733707
house,de,pl,0.19855083686652863
house,de,hu,0.1957029798126399
house,de,el,0.15206087879268992
house,de,NB,0.35072759470052967
house,nl,cs,0.20611073612833355
house,nl,it,0.19790454251679201
house,nl,es,0.20815199406415222
house,nl,PT-PT,0.17760678713492717
house,nl,ro,0.2468169349876658
house,nl,da,0.2552048097713285
house,nl,fr,0.2212646726101044
house,nl,pl,0.1850832309997066
house,nl,hu,0.20180983945352232
house,nl,el,0.1588416453105456
house,nl,NB,0.3571434002480623
house,cs,it,0.1889121107156577
house,cs,es,0.16419549941047243
house,cs,PT-PT,0.1556001091442875
house,cs,ro,0.21943563070776403
house,cs,da,0.16645032686999478
house,cs,fr,0.18073243254758586
house,cs,pl,0.3508044192622832
house,cs,hu,0.22179787604773574
house,cs,el,0.17296310968558962
house,cs,NB,0.21192211764911692
house,it,es,0.34906475386618624
house,it,PT-PT,0.3706788537310903
house,it,ro,0.3035486159104659
house,it,da,0.15212200035657666
house,it,fr,0.3051922206050507
house,it,pl,0.2069034471025214
house,it,hu,0.1802261213474565
house,it,el,0.24317721415630197
house,it,NB,0.19585165692053624
house,es,PT-PT,0.3711989477676912
house,es,ro,0.2962682663931328
house,es,da,0.1543112326686277
house,es,fr,0.27490039580559444
house,es,pl,0.18583932277717485
house,es,hu,0.17733251915848042
house,es,el,0.22056157110986443
house,es,NB,0.20141866563437583
house,PT-PT,ro,0.2657947697970442
house,PT-PT,da,0.14619042870268537
house,PT-PT,fr,0.27481888235037333
house,PT-PT,pl,0.18998596687878946
house,PT-PT,hu,0.17504602771707667
house,PT-PT,el,0.2158929455919393
house,PT-PT,NB,0.19531217387219343
house,ro,da,0.16421954546788256
house,ro,fr,0.32837053803178506
house,ro,pl,0.23899225474091831
house,ro,hu,0.21428982028525975
house,ro,el,0.20409900637627373
house,ro,NB,0.21937921665841364
house,da,fr,0.1456367099930511
house,da,pl,0.14734078037968343
house,da,hu,0.1543834552346784
house,da,el,0.1280629722697074
house,da,NB,0.4491270608344958
house,fr,pl,0.1958386049707295
house,fr,hu,0.15868485826307277
house,fr,el,0.1940383273688474
house,fr,NB,0.17915278861383369
house,pl,hu,0.17771311465298945
house,pl,el,0.17075512363824166
house,pl,NB,0.19759260006941606
house,hu,el,0.1526453576894918
house,hu,NB,0.20370255512991498
house,el,NB,0.1821359595231952
medical terms,en,de,0.3366304624616645
medical terms,en,nl,0.3681218579343046
medical terms,en,cs,0.26782865117264093
medical terms,en,it,0.3377812530951132
medical terms,en,es,0.3170671808818486
medical terms,en,PT-PT,0.31196980380529077
medical terms,en,ro,0.36370595003609757
medical terms,en,da,0.2838877098540804
medical terms,en,fr,0.34334727979229257
medical terms,en,pl,0.23537210653074161
medical terms,en,hu,0.21718764288031123
medical terms,en,el,0.1992782703144499
medical terms,en,NB,0.37635983328876055
medical terms,de,nl,0.4620497524483032
medical terms,de,cs,0.3084975367690628
medical terms,de,it,0.31739184923384234
medical terms,de,es,0.2964746367195104
medical terms,de,PT-PT,0.28146617094602466
medical terms,de,ro,0.34669912525916025
medical terms,de,da,0.35197916235180116
medical terms,de,fr,0.31320274796404374
medical terms,de,pl,0.274492224068771
medical terms,de,hu,0.2631042278740488
medical terms,de,el,0.22172566653934714
medical terms,de,NB,0.44290588590685065
medical terms,nl,cs,0.30002272876313796
medical terms,nl,it,0.30038080858682553
medical terms,nl,es,0.2885573078493839
medical terms,nl,PT-PT,0.270921121947505
medical terms,nl,ro,0.3299388053803184
medical terms,nl,da,0.3348902822357079
medical terms,nl,fr,0.31690813133694634
medical terms,nl,pl,0.23638799067468247
medical terms,nl,hu,0.23642377404099482
medical terms,nl,el,0.22392019592779377
medical terms,nl,NB,0.42912408968798343
medical terms,cs,it,0.31413265479312963
medical terms,cs,es,0.28925640156795096
medical terms,cs,PT-PT,0.2780988911619997
medical terms,cs,ro,0.3195240229542738
medical terms,cs,da,0.22552994584223549
medical terms,cs,fr,0.26884168726666596
medical terms,cs,pl,0.41623684936266264
medical terms,cs,hu,0.2685505520970142
medical terms,cs,el,0.22190392105608003
medical terms,cs,NB,0.29227026448837373
medical terms,it,es,0.5272331313644636
medical terms,it,PT-PT,0.49238545148717006
medical terms,it,ro,0.5543227415659776
medical terms,it,da,0.2451738116581972
medical terms,it,fr,0.4737057767400568
medical terms,it,pl,0.3045256036736496
medical terms,it,hu,0.26278393749453116
medical terms,it,el,0.2666140750979072
medical terms,it,NB,0.3270440241039694
medical terms,es,PT-PT,0.5129136933305283
medical terms,es,ro,0.45523376685881733
medical terms,es,da,0.2409633300505782
medical terms,es,fr,0.4345654275720009
medical terms,es,pl,0.2711945083220939
medical terms,es,hu,0.23752617007204882
medical terms,es,el,0.2676931463744778
medical terms,es,NB,0.31296016513295644
medical terms,PT-PT,ro,0.45484428423944734
medical terms,PT-PT,da,0.2090790142356078
medical terms,PT-PT,fr,0.4221189259490735
medical terms,PT-PT,pl,0.2653486846166435
medical terms,PT-PT,hu,0.24126413450346684
medical terms,PT-PT,el,0.23721974962215914
medical terms,PT-PT,NB,0.3117536232822049
medical terms,ro,da,0.2600390835323756
medical terms,ro,fr,0.4924113952375944
medical terms,ro,pl,0.3186081731011511
medical terms,ro,hu,0.2515166951174489
medical terms,ro,el,0.22238355211624386
medical terms,ro,NB,0.3241080694663501
medical terms,da,fr,0.22785765459801896
medical terms,da,pl,0.2122023751106849
medical terms,da,hu,0.19608983288987328
medical terms,da,el,0.15628286001074324
medical terms,da,NB,0.4921128640241801
medical terms,fr,pl,0.27069325649663967
medical terms,fr,hu,0.22505271085833745
medical terms,fr,el,0.2334911913036679
medical terms,fr,NB,0.2997761085418689
medical terms,pl,hu,0.22583603818180029
medical terms,pl,el,0.18666880986562867
medical terms,pl,NB,0.2791697537176965
medical terms,hu,el,0.17946404994702958
medical terms,hu,NB,0.25449370531537263
medical terms,el,NB,0.20745867523884606
music,en,de,0.49421382979335765
music,en,nl,0.5346506022015715
music,en,cs,0.4746059737147604
music,en,it,0.48381090597124926
music,en,es,0.4563725003632931
music,en,PT-PT,0.44609438795579914
music,en,ro,0.49318324766149396
music,en,da,0.38030342318109706
music,en,fr,0.46055709968292646
music,en,pl,0.4299590180445707
music,en,hu,0.4383502884768942
music,en,el,0.35075362324757736
music,en,NB,0.5247732376373665
music,de,nl,0.6531287043075057
music,de,cs,0.5693742497837437
music,de,it,0.5629428564905435
music,de,es,0.5249950706741853
music,de,PT-PT,0.446390606297727
music,de,ro,0.5468967862275741
music,de,da,0.4613319402797924
music,de,fr,0.4957923465648012
music,de,pl,0.5288548547988193
music,de,hu,0.5314757200185372
music,de,el,0.32072037061775904
music,de,NB,0.5623832580915503
music,nl,cs,0.5966292854387651
music,nl,it,0.5703261385928514
music,nl,es,0.5519232989098856
music,nl,PT-PT,0.4582023880851457
music,nl,ro,0.5735876064150012
music,nl,da,0.46950705025069994
music,nl,fr,0.5529751652511028
music,nl,pl,0.5301545681183047
music,nl,hu,0.5450234991635248
music,nl,el,0.3238414155944542
music,nl,NB,0.5716728897792875
music,cs,it,0.5689790316835588
music,cs,es,0.5354977630504283
music,cs,PT-PT,0.44597044107786715
music,cs,ro,0.5760125066710056
music,cs,da,0.41337080021337014
music,cs,fr,0.48666222959257815
music,cs,pl,0.602717153620516
music,cs,hu,0.5843962625329872
music,cs,el,0.33618435573035904
music,cs,NB,0.5171013780508628
music,it,es,0.7027484883540486
music,it,PT-PT,0.5924851002285947
music,it,ro,0.6858083554227886
music,it,da,0.39181346430391367
music,it,fr,0.6052710452265061
music,it,pl,0.5908308180248171
music,it,hu,0.529454907029488
music,it,el,0.3549199750804775
music,it,NB,0.5065232844701014
music,es,PT-PT,0.579333976058642
music,es,ro,0.619885450149631
music,es,da,0.3994662214656169
music,es,fr,0.5687046574497492
music,es,pl,0.5664041258856648
music,es,hu,0.485980178991883
music,es,el,0.34597118056067894
music,es,NB,0.4697214751133229
music,PT-PT,ro,0.5447239705452396
music,PT-PT,da,0.30340928618145935
music,PT-PT,fr,0.5241374776090157
music,PT-PT,pl,0.47022129011359065
music,PT-PT,hu,0.4165732894683342
music,PT-PT,el,0.33075556972407577
music,PT-PT,NB,0.49371094552631284
music,ro,da,0.39824005910904303
music,ro,fr,0.6222588628360906
music,ro,pl,0.5796155658340784
music,ro,hu,0.5102199754813246
music,ro,el,0.3176661634789373
music,ro,NB,0.492054042774987
music,da,fr,0.37580965550792994
music,da,pl,0.3768467617547181
music,da,hu,0.3800096077051291
music,da,el,0.23990294028407488
music,da,NB,0.5019160962056051
music,fr,pl,0.503682242772668
music,fr,hu,0.44524923547122525
music,fr,el,0.30640477943024624
music,fr,NB,0.44348572382034424
music,pl,hu,0.5084739941421356
music,pl,el,0.30088925479553924
music,pl,NB,0.4771445595900721
music,hu,el,0.2868965172123059
music,hu,NB,0.47765188946800047
music,el,NB,0.3325882080960325
occupations,en,de,0.33007249237976793
occupations,en,nl,0.3477275140866472
occupations,en,cs,0.2845889839721109
occupations,en,it,0.3372196545189321
occupations,en,es,0.3044199003075366
occupations,en,PT-PT,0.3065760498755561
occupations,en,ro,0.3743478404407197
occupations,en,da,0.2556709181055156
occupations,en,fr,0.34901496422120326
occupations,en,pl,0.2804463199912116
occupations,en,hu,0.22497548423941613
occupations,en,el,0.23297441284019224
occupations,en,NB,0.3168145100943089
occupations,de,nl,0.46236580630698276
occupations,de,cs,0.360396455310542
occupations,de,it,0.38468328674727026
occupations,de,es,0.33774794039747263
occupations,de,PT-PT,0.308998885029738
occupations,de,ro,0.38772334260453456
occupations,de,da,0.33050157125582824
occupations,de,fr,0.34906273639438934
occupations,de,pl,0.35737959592293955
occupations,de,hu,0.3188339819078983
occupations,de,el,0.24731066936757476
occupations,de,NB,0.44413239919122266
occupations,nl,cs,0.3835930251235979
occupations,nl,it,0.38315510326255936
occupations,nl,es,0.3724889359623341
occupations,nl,PT-PT,0.3235416802621163
occupations,nl,ro,0.4212160452922836
occupations,nl,da,0.3252982601620373
occupations,nl,fr,0.3918545289371343
occupations,nl,pl,0.35069127665992994
occupations,nl,hu,0.2882035745901845
occupations,nl,el,0.25585864363845917
occupations,nl,NB,0.48771925299789076
occupations,cs,it,0.3796515074288553
occupations,cs,es,0.35013191020515355
occupations,cs,PT-PT,0.3189512051671841
occupations,cs,ro,0.3911371282083357
occupations,cs,da,0.2535669591273306
occupations,cs,fr,0.3352815628816874
occupations,cs,pl,0.45266470377461093
occupations,cs,hu,0.30825709163557463
occupations,cs,el,0.25794682647310857
occupations,cs,NB,0.3499825450177617
occupations,it,es,0.5557775884279675
occupations,it,PT-PT,0.48590899096791057
occupations,it,ro,0.576383140580896
occupations,it,da,0.2627535323580215
occupations,it,fr,0.4819678957183051
occupations,it,pl,0.3878828322806651
occupations,it,hu,0.2945109461258842
occupations,it,el,0.28707772445116525
occupations,it,NB,0.3561075223604893
occupations,es,PT-PT,0.5061003390222911
occupations,es,ro,0.5084752805611602
occupations,es,da,0.245503087707624
occupations,es,fr,0.4662044424462482
occupations,es,pl,0.36807229135113106
occupations,es,hu,0.27886112351999415
occupations,es,el,0.29564886493546133
occupations,es,NB,0.33952882649773214
occupations,PT-PT,ro,0.4661828491809169
occupations,PT-PT,da,0.21528975581680024
occupations,PT-PT,fr,0.4350275439595775
occupations,PT-PT,pl,0.3297451695952016
occupations,PT-PT,hu,0.25173195217057714
occupations,PT-PT,el,0.24101905958392886
occupations,PT-PT,NB,0.3387589570268843
occupations,ro,da,0.28500966656036314
occupations,ro,fr,0.5715113903585434
occupations,ro,pl,0.4090842204607685
occupations,ro,hu,0.3164155338555493
occupations,ro,el,0.2762442555518844
occupations,ro,NB,0.38972836487271467
occupations,da,fr,0.2543915975164663
occupations,da,pl,0.24761835392562948
occupations,da,hu,0.20283855441943677
occupations,da,el,0.17724941875663713
occupations,da,NB,0.4602268406974289
occupations,fr,pl,0.357725226894422
occupations,fr,hu,0.2694229997714753
occupations,fr,el,0.26671986408233883
occupations,fr,NB,0.3473106698879111
occupations,pl,hu,0.2853106070056534
occupations,pl,el,0.25230452498013745
occupations,pl,NB,0.3410002989643083
occupations,hu,el,0.21849010640227495
occupations,hu,NB,0.2924120499097279
occupations,el,NB,0.22860735248459033
personal qualities,en,de,0.27489648317555815
personal qualities,en,nl,0.2882094365019235
personal qualities,en,cs,0.24146507648416043
personal qualities,en,it,0.33815088435654217
personal qualities,en,es,0.3171818472139886
personal qualities,en,PT-PT,0.31609711198844564
personal qualities,en,ro,0.362260796851427
personal qualities,en,da,0.2104706308343488
personal qualities,en,fr,0.3287094975240462
personal qualities,en,pl,0.2049191323544128
personal qualities,en,hu,0.19819893809447844
personal qualities,en,el,0.18165467347101832
personal qualities,en,NB,0.27567121734723893
personal qualities,de,nl,0.36674394556103485
personal qualities,de,cs,0.2195247471515994
personal qualities,de,it,0.23549589266360707
personal qualities,de,es,0.2298234671553746
personal qualities,de,PT-PT,0.20736320071187606
personal qualities,de,ro,0.27072343405789
personal qualities,de,da,0.2529907531142376
personal qualities,de,fr,0.24650720979863325
personal qualities,de,pl,0.2015938005851811
personal qualities,de,hu,0.21416358409392464
personal qualities,de,el,0.17355673854326753
personal qualities,de,NB,0.3437143954600174
personal qualities,nl,cs,0.22674797246412354
personal qualities,nl,it,0.2661534537657124
personal qualities,nl,es,0.26075227523098155
personal qualities,nl,PT-PT,0.2187681666340707
personal qualities,nl,ro,0.2867513569076918
personal qualities,nl,da,0.24612118617536577
personal qualities,nl,fr,0.2622667313394749
personal qualities,nl,pl,0.19556746089446492
personal qualities,nl,hu,0.21223681400961433
personal qualities,nl,el,0.16967111685785616
personal qualities,nl,NB,0.3245554920767031
personal qualities,cs,it,0.2425873472516939
personal qualities,cs,es,0.22549617213136702
personal qualities,cs,PT-PT,0.2129504665202914
personal qualities,cs,ro,0.2601265676647356
personal qualities,cs,da,0.17218567180960534
personal qualities,cs,fr,0.21987397736724185
personal qualities,cs,pl,0.386298854217042
personal qualities,cs,hu,0.22449281797915788
personal qualities,cs,el,0.1745576026278765
personal qualities,cs,NB,0.24250128436814558
personal qualities,it,es,0.5152165442599234
personal qualities,it,PT-PT,0.430522604214791
personal qualities,it,ro,0.4754918530775438
personal qualities,it,da,0.1792990020257645
personal qualities,it,fr,0.4114919111888128
personal qualities,it,pl,0.2185728010621609
personal qualities,it,hu,0.2273198923403943
personal qualities,it,el,0.21192428183335235
personal qualities,it,NB,0.2545763228688689
personal qualities,es,PT-PT,0.45248704151375907
personal qualities,es,ro,0.4329707536365853
personal qualities,es,da,0.17842895449127577
personal qualities,es,fr,0.4060514632572865
personal qualities,es,pl,0.20566596784411692
personal qualities,es,hu,0.21512494841140883
personal qualities,es,el,0.21592454713392722
personal qualities,es,NB,0.24216092654722626
personal qualities,PT-PT,ro,0.38945733899333657
personal qualities,PT-PT,da,0.15648492209448653
personal qualities,PT-PT,fr,0.3935550030969878
personal qualities,PT-PT,pl,0.2019640628380208
personal qualities,PT-PT,hu,0.19722466441441697
personal qualities,PT-PT,el,0.17661868952282062
personal qualities,PT-PT,NB,0.2426252646055071
personal qualities,ro,da,0.20455713335708847
personal qualities,ro,fr,0.4336636085064464
personal qualities,ro,pl,0.23943072256622036
personal qualities,ro,hu,0.23190066407320364
personal qualities,ro,el,0.18866814346158758
personal qualities,ro,NB,0.2809794636392451
personal qualities,da,fr,0.19399977984396485
personal qualities,da,pl,0.16091323425985965
personal qualities,da,hu,0.14900690906676065
personal qualities,da,el,0.12924671787491723
personal qualities,da,NB,0.46244272761448335
personal qualities,fr,pl,0.20562810512025678
personal qualities,fr,hu,0.20648259136017033
personal qualities,fr,el,0.20730075671139883
personal qualities,fr,NB,0.2586325968847298
personal qualities,pl,hu,0.18333272915892965
personal qualities,pl,el,0.163845006849341
personal qualities,pl,NB,0.2181453214044827
personal qualities,hu,el,0.1558316420001954
personal qualities,hu,NB,0.20128262270452615
personal qualities,el,NB,0.17103124137250766
plants,en,de,0.3672660437891973
plants,en,nl,0.36136701935302123
plants,en,cs,0.3331478859086018
plants,en,it,0.3375330313357002
plants,en,es,0.33210455090825447
plants,en,PT-PT,0.32204036829767363
plants,en,ro,0.37738761020991446
plants,en,da,0.274397129992443
plants,en,fr,0.37125353107973436
plants,en,pl,0.21021479418066036
plants,en,hu,0.2947622970507525
plants,en,el,0.24321525423394594
plants,en,NB,0.3935030969868969
plants,de,nl,0.5159601895568602
plants,de,cs,0.3477168269673775
plants,de,it,0.3026908763980584
plants,de,es,0.307388745677226
plants,de,PT-PT,0.2663128381692644
plants,de,ro,0.3380991259904688
plants,de,da,0.3500865457809466
plants,de,fr,0.2907596828686711
plants,de,pl,0.2531061880371441
plants,de,hu,0.3311802913500319
plants,de,el,0.21997540808905683
plants,de,NB,0.44980033756026705
plants,nl,cs,0.3236089723039442
plants,nl,it,0.2823766817361708
plants,nl,es,0.274482676697044
plants,nl,PT-PT,0.23119948155481504
plants,nl,ro,0.3118724312226903
plants,nl,da,0.34613455992820574
plants,nl,fr,0.3111132174595528
plants,nl,pl,0.22740797718156464
plants,nl,hu,0.29548775054664855
plants,nl,el,0.22347494618922248
plants,nl,NB,0.425134166452191
plants,cs,it,0.3145705731606627
plants,cs,es,0.3005118848469952
plants,cs,PT-PT,0.27119853092995094
plants,cs,ro,0.3322243360318061
plants,cs,da,0.24338328211525673
plants,cs,fr,0.28711809063934857
plants,cs,pl,0.34833555118801796
plants,cs,hu,0.33468652026622925
plants,cs,el,0.2501535871300031
plants,cs,NB,0.32536243088655303
plants,it,es,0.5573090595528138
plants,it,PT-PT,0.5192053714843072
plants,it,ro,0.5365449439494157
plants,it,da,0.2157760339112883
plants,it,fr,0.47838446787636363
plants,it,pl,0.24816838958223206
plants,it,hu,0.28999314822728345
plants,it,el,0.2913302820716605
plants,it,NB,0.31506201450097243
plants,es,PT-PT,0.5416258997942249
plants,es,ro,0.47554727389291385
plants,es,da,0.23178208842788073
plants,es,fr,0.4514200201142471
plants,es,pl,0.24409482316871917
plants,es,hu,0.27881030542389623
plants,es,el,0.26480639080699514
plants,es,NB,0.314554000351214
plants,PT-PT,ro,0.4525855882416619
plants,PT-PT,da,0.18280701278416547
plants,PT-PT,fr,0.4538391887963915
plants,PT-PT,pl,0.23020516150369133
plants,PT-PT,hu,0.25849785751463705
plants,PT-PT,el,0.23962704092722634
plants,PT-PT,NB,0.28753590403625173
plants,ro,da,0.2456018181182086
plants,ro,fr,0.5088621186398956
plants,ro,pl,0.2632545625633489
plants,ro,hu,0.312386972807537
plants,ro,el,0.2546472707132299
plants,ro,NB,0.3306079102924354
plants,da,fr,0.22803047412201236
plants,da,pl,0.18526523523037763
plants,da,hu,0.21419674418486523
plants,da,el,0.16197131004659024
plants,da,NB,0.48651296974669106
plants,fr,pl,0.22665375688652908
plants,fr,hu,0.26170639285219344
plants,fr,el,0.25789068513866115
plants,fr,NB,0.3018137331718647
plants,pl,hu,0.2471068755504372
plants,pl,el,0.1963409573168104
plants,pl,NB,0.24647567063784617
plants,hu,el,0.21047318244595606
plants,hu,NB,0.2916328976472848
plants,el,NB,0.23801387990312842
restaurant,en,de,0.34566472870012843
restaurant,en,nl,0.41138906150794136
restaurant,en,cs,0.27876961691754704
restaurant,en,it,0.31002776801811854
restaurant,en,es,0.27508713904349075
restaurant,en,PT-PT,0.2653002573260758
restaurant,en,ro,0.3321527628136701
restaurant,en,da,0.28272692591175297
restaurant,en,fr,0.3424565118054301
restaurant,en,pl,0.27307954040702703
restaurant,en,hu,0.23151418204161014
restaurant,en,el,0.2422906761961792
restaurant,en,NB,0.36144645050069496
restaurant,de,nl,0.4440963262599403
restaurant,de,cs,0.29393170034310356
restaurant,de,it,0.2955465199731157
restaurant,de,es,0.26849331677328125
restaurant,de,PT-PT,0.2500862125420822
restaurant,de,ro,0.3237005056383173
restaurant,de,da,0.2946540041561965
restaurant,de,fr,0.27062430405388455
restaurant,de,pl,0.28315030940328867
restaurant,de,hu,0.261754466234778
restaurant,de,el,0.22763602334410576
restaurant,de,NB,0.38773689716803494
restaurant,nl,cs,0.31235127878821917
restaurant,nl,it,0.2991904946500245
restaurant,nl,es,0.2920979872872661
restaurant,nl,PT-PT,0.24668471216787294
restaurant,nl,ro,0.346460355928942
restaurant,nl,da,0.300796197610581
restaurant,nl,fr,0.3385225386207941
restaurant,nl,pl,0.3028700160644241
restaurant,nl,hu,0.2846105891764111
restaurant,nl,el,0.2350661508580729
restaurant,nl,NB,0.4162813567005184
restaurant,cs,it,0.28896137430281216
restaurant,cs,es,0.26421968236927296
restaurant,cs,PT-PT,0.25496996126391525
restaurant,cs,ro,0.33025750150576355
restaurant,cs,da,0.21230933614021072
restaurant,cs,fr,0.2629827651610711
restaurant,cs,pl,0.41904777183859276
restaurant,cs,hu,0.29905806580307426
restaurant,cs,el,0.21488113513760695
restaurant,cs,NB,0.29269880675281945
restaurant,it,es,0.48282491996350657
restaurant,it,PT-PT,0.3925989410971614
restaurant,it,ro,0.4528732803497824
restaurant,it,da,0.2339763342128011
restaurant,it,fr,0.3773509299712466
restaurant,it,pl,0.31806880087879535
restaurant,it,hu,0.26262706385873363
restaurant,it,el,0.26250707556856867
restaurant,it,NB,0.31063912322171344
restaurant,es,PT-PT,0.44880975601950523
restaurant,es,ro,0.3874224909690048
restaurant,es,da,0.22658975942984688
restaurant,es,fr,0.35619478842149466
restaurant,es,pl,0.2915625354493143
restaurant,es,hu,0.23501424325825057
restaurant,es,el,0.2744548711763293
restaurant,es,NB,0.29581032673507707
restaurant,PT-PT,ro,0.3645093761345778
restaurant,PT-PT,da,0.19727496498715727
restaurant,PT-PT,fr,0.333761998582378
restaurant,PT-PT,pl,0.27508366524560146
restaurant,PT-PT,hu,0.21247217487776623
restaurant,PT-PT,el,0.23911805747681383
restaurant,PT-PT,NB,0.2687067939052393
restaurant,ro,da,0.23419620738882077
restaurant,ro,fr,0.4087576713745583
restaurant,ro,pl,0.3391494194762943
restaurant,ro,hu,0.27748112865384517
restaurant,ro,el,0.2418732227617398
restaurant,ro,NB,0.3321472148247699
restaurant,da,fr,0.2417340206601494
restaurant,da,pl,0.1970553882527553
restaurant,da,hu,0.19284327288400546
restaurant,da,el,0.1758188698815079
restaurant,da,NB,0.46455380761018983
restaurant,fr,pl,0.2984264283926334
restaurant,fr,hu,0.2431894126844628
restaurant,fr,el,0.24717586185035928
restaurant,fr,NB,0.29701201901592145
restaurant,pl,hu,0.2670133339592946
restaurant,pl,el,0.22014026086558433
restaurant,pl,NB,0.27807919425185634
restaurant,hu,el,0.19185746850802188
restaurant,hu,NB,0.263679563239082
restaurant,el,NB,0.237926015577836
school,en,de,0.2731999639137063
school,en,nl,0.3360535276927265
school,en,cs,0.2545371243897319
school,en,it,0.2639120722218154
school,en,es,0.22702117599670177
school,en,PT-PT,0.23864194734810995
school,en,ro,0.27581161058228154
school,en,da,0.25317280336296566
school,en,fr,0.2351570137533299
school,en,pl,0.2582970395884082
school,en,hu,0.22555651048298106
school,en,el,0.17110306577311754
school,en,NB,0.3069417524666004
school,de,nl,0.4084211835606359
school,de,cs,0.278242270196738
school,de,it,0.25636457531432544
school,de,es,0.2338280868805583
school,de,PT-PT,0.21965291340244636
school,de,ro,0.2997912887291824
school,de,da,0.33129849641005826
school,de,fr,0.22832906236565528
school,de,pl,0.2773100443128868
school,de,hu,0.2632590849819552
school,de,el,0.1628433798269391
school,de,NB,0.38777693176780403
school,nl,cs,0.28135217076880636
school,nl,it,0.249179729417982
school,nl,es,0.23163157034714096
school,nl,PT-PT,0.20387415451883797
school,nl,ro,0.29162336038870684
school,nl,da,0.3377937077290525
school,nl,fr,0.2634781159618806
school,nl,pl,0.27826966035103645
school,nl,hu,0.25397965934223543
school,nl,el,0.16990040475935103
school,nl,NB,0.4016926560030008
school,cs,it,0.2886990065102488
school,cs,es,0.2510684677957417
school,cs,PT-PT,0.23466566445428405
school,cs,ro,0.2808470075394518
school,cs,da,0.23416697555495997
school,cs,fr,0.23675883995751573
school,cs,pl,0.4126141491333121
school,cs,hu,0.2891235118629163
school,cs,el,0.19625305136988438
school,cs,NB,0.2913878029213115
school,it,es,0.41708735033149835
school,it,PT-PT,0.4213300121540952
school,it,ro,0.40474649898894816
school,it,da,0.21187929719595583
school,it,fr,0.36809297395696755
school,it,pl,0.3132768730532735
school,it,hu,0.23842206663412646
school,it,el,0.2749699621287144
school,it,NB,0.24938109853716095
school,es,PT-PT,0.4860680921838444
school,es,ro,0.3590418734853987
school,es,da,0.20679489070322582
school,es,fr,0.36810455985141405
school,es,pl,0.26265397895522263
school,es,hu,0.2187166323839618
school,es,el,0.24090427456693336
school,es,NB,0.25343546643355813
school,PT-PT,ro,0.34534484444300817
school,PT-PT,da,0.1809512475028382
school,PT-PT,fr,0.3629801418235678
school,PT-PT,pl,0.26936658774513744
school,PT-PT,hu,0.2053292164921422
school,PT-PT,el,0.22527206712157866
school,PT-PT,NB,0.23083717144775912
school,ro,da,0.2512353586089841
school,ro,fr,0.4339019544769419
school,ro,pl,0.35355167434074775
school,ro,hu,0.26724173762846765
school,ro,el,0.21761464057276483
school,ro,NB,0.29604735860707626
school,da,fr,0.19821024872348242
school,da,pl,0.2315162382159553
school,da,hu,0.19671435379472907
school,da,el,0.14780755015508673
school,da,NB,0.4621052396724304
school,fr,pl,0.27444211894267345
school,fr,hu,0.22624131829314875
school,fr,el,0.2434669508900164
school,fr,NB,0.2489587265328694
school,pl,hu,0.25309355406671785
school,pl,el,0.20248993620817574
school,pl,NB,0.28799134479982136
school,hu,el,0.1744491296057299
school,hu,NB,0.2528041177889048
school,el,NB,0.17128897102861548
shapes,en,de,0.43001685138975615
shapes,en,nl,0.4252660726104731
shapes,en,cs,0.4096151884636319
shapes,en,it,0.4282106923814515
shapes,en,es,0.40227951882563817
shapes,en,PT-PT,0.4204426706428413
shapes,en,ro,0.4933427976224495
shapes,en,da,0.3698001854615498
shapes,en,fr,0.47904173177380227
shapes,en,pl,0.3436989809454312
shapes,en,hu,0.37717524815314935
shapes,en,el,0.35425226761700557
shapes,en,NB,0.4817912007647248
shapes,de,nl,0.5071342169212352
shapes,de,cs,0.43271754694499226
shapes,de,it,0.411265132109586
shapes,de,es,0.38519385745151735
shapes,de,PT-PT,0.3630664189888061
shapes,de,ro,0.46078963635678694
shapes,de,da,0.4024956516562687
shapes,de,fr,0.43007199418978054
shapes,de,pl,0.35214758418692443
shapes,de,hu,0.3896919115011887
shapes,de,el,0.33926556176743
shapes,de,NB,0.5160214075688613
shapes,nl,cs,0.4099144872416326
shapes,nl,it,0.4034397953208672
shapes,nl,es,0.4054045421185381
shapes,nl,PT-PT,0.36718311358404243
shapes,nl,ro,0.4517187136355493
shapes,nl,da,0.38439655390653577
shapes,nl,fr,0.43444211339539984
shapes,nl,pl,0.3300651596544092
shapes,nl,hu,0.39412025319733224
shapes,nl,el,0.3513406433805174
shapes,nl,NB,0.5027561274532022
shapes,cs,it,0.4006569922060706
shapes,cs,es,0.3754701955744818
shapes,cs,PT-PT,0.37244080159681187
shapes,cs,ro,0.43969693980717883
shapes,cs,da,0.3206051881501309
shapes,cs,fr,0.4146541425865001
shapes,cs,pl,0.42023220203835776
shapes,cs,hu,0.4048249938385753
shapes,cs,el,0.32854184799792874
shapes,cs,NB,0.3981091537996909
shapes,it,es,0.7464838457885858
shapes,it,PT-PT,0.6323335530899318
shapes,it,ro,0.6759431011993198
shapes,it,da,0.3128447874044116
shapes,it,fr,0.6334559623423512
shapes,it,pl,0.4215800614380737
shapes,it,hu,0.38778644647919774
shapes,it,el,0.452293726630494
shapes,it,NB,0.42509880806160283
shapes,es,PT-PT,0.6044806223692205
shapes,es,ro,0.6324018168645584
shapes,es,da,0.34021790769281957
shapes,es,fr,0.6155931096511116
shapes,es,pl,0.4206022833691778
shapes,es,hu,0.3608884899919917
shapes,es,el,0.5169128915539186
shapes,es,NB,0.42381963023710645
shapes,PT-PT,ro,0.5789385055652271
shapes,PT-PT,da,0.2816812719049295
shapes,PT-PT,fr,0.5996093176494655
shapes,PT-PT,pl,0.3947414876994785
shapes,PT-PT,hu,0.3488677073255914
shapes,PT-PT,el,0.35786465071054585
shapes,PT-PT,NB,0.430944308647949
shapes,ro,da,0.3553561797383191
shapes,ro,fr,0.6842409102396756
shapes,ro,pl,0.4442018887505703
shapes,ro,hu,0.4158859104866364
shapes,ro,el,0.39327123650145973
shapes,ro,NB,0.450407612070898
shapes,da,fr,0.3451265027969323
shapes,da,pl,0.2795695723127132
shapes,da,hu,0.3091993406875439
shapes,da,el,0.30653694667786696
shapes,da,NB,0.5348771669872343
shapes,fr,pl,0.4359409918652357
shapes,fr,hu,0.3880156607196144
shapes,fr,el,0.39837688124133147
shapes,fr,NB,0.4555185694682123
shapes,pl,hu,0.3295552610167749
shapes,pl,el,0.3363548272777482
shapes,pl,NB,0.3994326132510716
shapes,hu,el,0.3339760594671452
shapes,hu,NB,0.4001389790436443
shapes,el,NB,0.37085986378582725
shoes,en,de,0.37882593053825936
shoes,en,nl,0.314575783046138
shoes,en,cs,0.29385114750948754
shoes,en,it,0.23620502789952114
shoes,en,es,0.21319656559329575
shoes,en,PT-PT,0.22230793440489524
shoes,en,ro,0.2584865821384315
shoes,en,da,0.2828667923323125
shoes,en,fr,0.23663220859136716
shoes,en,pl,0.26708965199899926
shoes,en,hu,0.24384661688406548
shoes,en,el,0.2522911294800937
shoes,en,NB,0.3346563634234867
shoes,de,nl,0.4408555384985684
shoes,de,cs,0.3080710215561142
shoes,de,it,0.25445293876459135
shoes,de,es,0.22703726224390802
shoes,de,PT-PT,0.21405135041440007
shoes,de,ro,0.29069197805677116
shoes,de,da,0.3172460848099128
shoes,de,fr,0.21133475616278108
shoes,de,pl,0.2903999472190447
shoes,de,hu,0.3018752709420252
shoes,de,el,0.2071622049911731
shoes,de,NB,0.4258452924548815
shoes,nl,cs,0.2605140376232238
shoes,nl,it,0.2512253728718407
shoes,nl,es,0.23008843646328275
shoes,nl,PT-PT,0.18708638513715617
shoes,nl,ro,0.26382474674628986
shoes,nl,da,0.28469395577256384
shoes,nl,fr,0.20493978762989326
shoes,nl,pl,0.24215502064414232
shoes,nl,hu,0.2656821700266079
shoes,nl,el,0.2251559812605289
shoes,nl,NB,0.38472293648032657
shoes,cs,it,0.31563839321969717
shoes,cs,es,0.28464312864096575
shoes,cs,PT-PT,0.2734329594789944
shoes,cs,ro,0.30256295996297694
shoes,cs,da,0.20657759356156238
shoes,cs,fr,0.27609086024031526
shoes,cs,pl,0.38922652220194526
shoes,cs,hu,0.2814873996985197
shoes,cs,el,0.22803544696072497
shoes,cs,NB,0.3114061513739193
shoes,it,es,0.3580449282482641
shoes,it,PT-PT,0.3817141932777115
shoes,it,ro,0.42438425429208493
shoes,it,da,0.19730177662626766
shoes,it,fr,0.32434568898579347
shoes,it,pl,0.29897999502941813
shoes,it,hu,0.22884979588039792
shoes,it,el,0.27217888576932275
shoes,it,NB,0.25344094723296834
shoes,es,PT-PT,0.45289046572119934
shoes,es,ro,0.4108539025191555
shoes,es,da,0.19017953615953953
shoes,es,fr,0.3322225864832634
shoes,es,pl,0.26375938513847247
shoes,es,hu,0.2216143302014204
shoes,es,el,0.31547396685936513
shoes,es,NB,0.22646008232123
shoes,PT-PT,ro,0.34712403288886234
shoes,PT-PT,da,0.1670183513550262
shoes,PT-PT,fr,0.31375138564317134
shoes,PT-PT,pl,0.2641218327984924
shoes,PT-PT,hu,0.2241354949093458
shoes,PT-PT,el,0.2730690479677465
shoes,PT-PT,NB,0.22400155419395093
shoes,ro,da,0.19849907727106395
shoes,ro,fr,0.3687282796460178
shoes,ro,pl,0.3163748536053341
shoes,ro,hu,0.26938350544142914
shoes,ro,el,0.27941246053789087
shoes,ro,NB,0.28042977731660734
shoes,da,fr,0.16843216641236064
shoes,da,pl,0.20261974134031893
shoes,da,hu,0.24214584035028072
shoes,da,el,0.14830675206398722
shoes,da,NB,0.4408436330199339
shoes,fr,pl,0.2804488530210571
shoes,fr,hu,0.22317415091705775
shoes,fr,el,0.272834052423158
shoes,fr,NB,0.21490483495233484
shoes,pl,hu,0.23815409677617574
shoes,pl,el,0.24027543692728448
shoes,pl,NB,0.2776074350933336
shoes,hu,el,0.19969570340511136
shoes,hu,NB,0.30129799769150456
shoes,el,NB,0.20632144899655874
shopping,en,de,0.27919235815036164
shopping,en,nl,0.30800628969134075
shopping,en,cs,0.2266503499000013
shopping,en,it,0.28048720810224365
shopping,en,es,0.23919971808888926
shopping,en,PT-PT,0.2509342021910623
shopping,en,ro,0.26757181648550726
shopping,en,da,0.21397666809041563
shopping,en,fr,0.24759415525969955
shopping,en,pl,0.24106934941443092
shopping,en,hu,0.22228933928892777
shopping,en,el,0.18080692215768904
shopping,en,NB,0.2868018320786973
shopping,de,nl,0.43578553412260856
shopping,de,cs,0.2280059573592294
shopping,de,it,0.2573329779522321
shopping,de,es,0.22158308972556368
shopping,de,PT-PT,0.20575414461452926
shopping,de,ro,0.2620860926716692
shopping,de,da,0.2927425724935355
shopping,de,fr,0.2215634285626266
shopping,de,pl,0.23441921678731414
shopping,de,hu,0.23845363968480104
shopping,de,el,0.15906601441572962
shopping,de,NB,0.3670510118306895
shopping,nl,cs,0.24347781231427587
shopping,nl,it,0.289666142420371
shopping,nl,es,0.22856474004796443
shopping,nl,PT-PT,0.21837740589598892
shopping,nl,ro,0.27618015375337496
shopping,nl,da,0.28948667667110145
shopping,nl,fr,0.23706543234930802
shopping,nl,pl,0.26133331644429325
shopping,nl,hu,0.24654713039418277
shopping,nl,el,0.17337500031978242
shopping,nl,NB,0.36861351393379277
shopping,cs,it,0.22316429336346386
shopping,cs,es,0.1873996580909941
shopping,cs,PT-PT,0.20262827533244473
shopping,cs,ro,0.23480616670106308
shopping,cs,da,0.15097070907412882
shopping,cs,fr,0.1965056237221925
shopping,cs,pl,0.31842852383855563
shopping,cs,hu,0.22467702300357542
shopping,cs,el,0.2049525148732248
shopping,cs,NB,0.2215229735300399
shopping,it,es,0.4220643965741808
shopping,it,PT-PT,0.3889234038077903
shopping,it,ro,0.43482814888142446
shopping,it,da,0.2065116906676829
shopping,it,fr,0.3617932591242469
shopping,it,pl,0.32451238962886886
shopping,it,hu,0.20683045470808817
shopping,it,el,0.20032203728490922
shopping,it,NB,0.26886566577583526
shopping,es,PT-PT,0.43978516965573056
shopping,es,ro,0.3571522271565107
shopping,es,da,0.18204806503390863
shopping,es,fr,0.3440901751389894
shopping,es,pl,0.27122160386000826
shopping,es,hu,0.18689659489069219
shopping,es,el,0.210087526310082
shopping,es,NB,0.22115188293431387
shopping,PT-PT,ro,0.3781542196661818
shopping,PT-PT,da,0.15377266301058864
shopping,PT-PT,fr,0.3556816749063273
shopping,PT-PT,pl,0.28195890996965084
shopping,PT-PT,hu,0.19074839264995133
shopping,PT-PT,el,0.18454618660136748
shopping,PT-PT,NB,0.2207202260230084
shopping,ro,da,0.20703980841855138
shopping,ro,fr,0.43093106021218486
shopping,ro,pl,0.3544492690753001
shopping,ro,hu,0.2148304585211451
shopping,ro,el,0.19280041186266816
shopping,ro,NB,0.2693566014538588
shopping,da,fr,0.17913807786523694
shopping,da,pl,0.19606988285223415
shopping,da,hu,0.17551924450181128
shopping,da,el,0.13058947419593084
shopping,da,NB,0.4550377580336459
shopping,fr,pl,0.2736843691766837
shopping,fr,hu,0.19428810706625163
shopping,fr,el,0.20018356043174707
shopping,fr,NB,0.2319562191694202
shopping,pl,hu,0.2176657589295729
shopping,pl,el,0.19072953074262158
shopping,pl,NB,0.2594175327207446
shopping,hu,el,0.16887453636959907
shopping,hu,NB,0.22202888033238508
shopping,el,NB,0.17053782757496747
sports,en,de,0.36925150117356936
sports,en,nl,0.4042177203754574
sports,en,cs,0.3258365119889461
sports,en,it,0.3113310473663134
sports,en,es,0.31224536971325145
sports,en,PT-PT,0.30192594901976944
sports,en,ro,0.36816202757899336
sports,en,da,0.3015257195198431
sports,en,fr,0.294028788489551
sports,en,pl,0.2736630706536848
sports,en,hu,0.2942048732770913
sports,en,el,0.27652681897639797
sports,en,NB,0.3802819475107046
sports,de,nl,0.48119926782347167
sports,de,cs,0.3513616650569132
sports,de,it,0.3108095664094363
sports,de,es,0.30840774022186834
sports,de,PT-PT,0.2696419531815152
sports,de,ro,0.3575035689930634
sports,de,da,0.31793151126431873
sports,de,fr,0.2719559187124859
sports,de,pl,0.3032274520166158
sports,de,hu,0.3357304403061241
sports,de,el,0.24519248026974677
sports,de,NB,0.42402400681435315
sports,nl,cs,0.36442673483591304
sports,nl,it,0.32957032935409175
sports,nl,es,0.32894433092001174
sports,nl,PT-PT,0.27290609692812323
sports,nl,ro,0.3799676229036969
sports,nl,da,0.343375194736216
sports,nl,fr,0.2949777798922419
sports,nl,pl,0.29239451553894524
sports,nl,hu,0.32762092409900573
sports,nl,el,0.25495377908368977
sports,nl,NB,0.44186613609988223
sports,cs,it,0.32065624612516236
sports,cs,es,0.3281336312356423
sports,cs,PT-PT,0.28010500543544786
sports,cs,ro,0.392628122689053
sports,cs,da,0.25981704250050647
sports,cs,fr,0.28435440573841747
sports,cs,pl,0.4469902231063679
sports,cs,hu,0.36372434686801663
sports,cs,el,0.260275144267185
sports,cs,NB,0.3586754670945199
sports,it,es,0.4896764327748483
sports,it,PT-PT,0.44398335292341545
sports,it,ro,0.4836558367180422
sports,it,da,0.22277449802512164
sports,it,fr,0.3991890659328873
sports,it,pl,0.30931143575269376
sports,it,hu,0.3015243194460968
sports,it,el,0.28285345688041313
sports,it,NB,0.3130891401455234
sports,es,PT-PT,0.49096474789846345
sports,es,ro,0.47030278503122164
sports,es,da,0.2272350357040069
sports,es,fr,0.4185409270174356
sports,es,pl,0.30219831756970167
sports,es,hu,0.2904712839401073
sports,es,el,0.274176793912664
sports,es,NB,0.3069405736764643
sports,PT-PT,ro,0.42120250937168924
sports,PT-PT,da,0.19557001266018603
sports,PT-PT,fr,0.40747401044068843
sports,PT-PT,pl,0.2668094173713881
sports,PT-PT,hu,0.25448043455913394
sports,PT-PT,el,0.25732794677756027
sports,PT-PT,NB,0.28748351868088673
sports,ro,da,0.2745650000926223
sports,ro,fr,0.4571234107985418
sports,ro,pl,0.36027608270808864
sports,ro,hu,0.3417499030420783
sports,ro,el,0.29571881555461466
sports,ro,NB,0.35225401463680633
sports,da,fr,0.21105814329831307
sports,da,pl,0.22456307579090945
sports,da,hu,0.2311556925157771
sports,da,el,0.1805397825243286
sports,da,NB,0.4426995760196397
sports,fr,pl,0.26292096754778826
sports,fr,hu,0.24290225547597882
sports,fr,el,0.2898170702897595
sports,fr,NB,0.2683578028032816
sports,pl,hu,0.3130967792866785
sports,pl,el,0.22666427893191893
sports,pl,NB,0.3060974765968184
sports,hu,el,0.22043332881956565
sports,hu,NB,0.31149142352862946
sports,el,NB,0.2318484524804513
transportations,en,de,0.3610370452698236
transportations,en,nl,0.40977780335582853
transportations,en,cs,0.32768170196988555
transportations,en,it,0.2936592817578216
transportations,en,es,0.2650908655867908
transportations,en,PT-PT,0.2768923169532982
transportations,en,ro,0.32548384641819267
transportations,en,da,0.3046282481194503
transportations,en,fr,0.2748536544514322
transportations,en,pl,0.2727774396156715
transportations,en,hu,0.2757494850976624
transportations,en,el,0.2520664736793417
transportations,en,NB,0.39542058176531075
transportations,de,nl,0.45966386352185107
transportations,de,cs,0.32688767715528866
transportations,de,it,0.28394795304756587
transportations,de,es,0.27377553258011866
transportations,de,PT-PT,0.24365562155210177
transportations,de,ro,0.3204473094500658
transportations,de,da,0.30284700124397357
transportations,de,fr,0.2568493486115202
transportations,de,pl,0.3034603779728319
transportations,de,hu,0.31290702763547257
transportations,de,el,0.2224232658744426
transportations,de,NB,0.42029908368254215
transportations,nl,cs,0.3517597967177263
transportations,nl,it,0.3056033180458094
transportations,nl,es,0.29466886239303264
transportations,nl,PT-PT,0.25278054465572297
transportations,nl,ro,0.33799306976566806
transportations,nl,da,0.3266778025595841
transportations,nl,fr,0.282262406299819
transportations,nl,pl,0.31148855588244895
transportations,nl,hu,0.30935847692779195
transportations,nl,el,0.23689791480870295
transportations,nl,NB,0.44132657833287775
transportations,cs,it,0.32639269043770547
transportations,cs,es,0.3121697532599139
transportations,cs,PT-PT,0.27800919085404563
transportations,cs,ro,0.35796521055980335
transportations,cs,da,0.24784302279642376
transportations,cs,fr,0.2790494020458948
transportations,cs,pl,0.39027521349184846
transportations,cs,hu,0.35013006852251777
transportations,cs,el,0.23634896122372595
transportations,cs,NB,0.35293615675244416
transportations,it,es,0.489154678033881
transportations,it,PT-PT,0.4138432806628717
transportations,it,ro,0.4893144495631553
transportations,it,da,0.22105996474666756
transportations,it,fr,0.4165957005630577
transportations,it,pl,0.3131549379560315
transportations,it,hu,0.28470868511712555
transportations,it,el,0.2821191880304963
transportations,it,NB,0.3106089960645796
transportations,es,PT-PT,0.46856042975347423
transportations,es,ro,0.4837257114298904
transportations,es,da,0.21830696526404827
transportations,es,fr,0.4344976754407774
transportations,es,pl,0.30217867890145317
transportations,es,hu,0.26517740527890643
transportations,es,el,0.27094849511234237
transportations,es,NB,0.28554825371271625
transportations,PT-PT,ro,0.4270463955193029
transportations,PT-PT,da,0.19669762098717036
transportations,PT-PT,fr,0.4062247519610628
transportations,PT-PT,pl,0.27769201743083505
transportations,PT-PT,hu,0.23359061207380424
transportations,PT-PT,el,0.2384254479452233
transportations,PT-PT,NB,0.2891299213756862
transportations,ro,da,0.2498822728750282
transportations,ro,fr,0.48412385274439584
transportations,ro,pl,0.3500836468961046
transportations,ro,hu,0.3032655533745595
transportations,ro,el,0.2618365606352802
transportations,ro,NB,0.33133019326296786
transportations,da,fr,0.2126584688231049
transportations,da,pl,0.22310653049406426
transportations,da,hu,0.2114598386789108
transportations,da,el,0.16851342459299012
transportations,da,NB,0.431961023586301
transportations,fr,pl,0.2740567222340466
transportations,fr,hu,0.24003844669320842
transportations,fr,el,0.25736869756893727
transportations,fr,NB,0.2635453327424963
transportations,pl,hu,0.28617100610700424
transportations,pl,el,0.2183543559355948
transportations,pl,NB,0.30326480526565386
transportations,hu,el,0.22602568917462323
transportations,hu,NB,0.28932204704631664
transportations,el,NB,0.22472897410144174
weather,en,de,0.3697185631059096
weather,en,nl,0.409391388122534
weather,en,cs,0.3240907048003246
weather,en,it,0.2801327261866013
weather,en,es,0.26239899341055883
weather,en,PT-PT,0.25194687931345916
weather,en,ro,0.3003187232309232
weather,en,da,0.3009709320940167
weather,en,fr,0.26712051461065245
weather,en,pl,0.2466967240089898
weather,en,hu,0.2879438149064718
weather,en,el,0.2500279252874139
weather,en,NB,0.3926980831681804
weather,de,nl,0.5111562075922538
weather,de,cs,0.35975605101928204
weather,de,it,0.3129042294240266
weather,de,es,0.2966352478280486
weather,de,PT-PT,0.24637478200597052
weather,de,ro,0.34740785822304493
weather,de,da,0.3670414707684735
weather,de,fr,0.27091781819843674
weather,de,pl,0.3013060017398761
weather,de,hu,0.33417028871396526
weather,de,el,0.23278320694662974
weather,de,NB,0.46806224394443047
weather,nl,cs,0.3640240158897379
weather,nl,it,0.30530692315784497
weather,nl,es,0.2940688843933503
weather,nl,PT-PT,0.24326020429512096
weather,nl,ro,0.32967203638936343
weather,nl,da,0.3733634509503476
weather,nl,fr,0.28905233959264265
weather,nl,pl,0.2819236696079771
weather,nl,hu,0.3325688067107975
weather,nl,el,0.23986545253204644
weather,nl,NB,0.47641899360514794
weather,cs,it,0.3262785371319137
weather,cs,es,0.31880091772873714
weather,cs,PT-PT,0.2635923389487715
weather,cs,ro,0.34663825813123617
weather,cs,da,0.24462770199467435
weather,cs,fr,0.2712267957061638
weather,cs,pl,0.46532192472785866
weather,cs,hu,0.3699277894397199
weather,cs,el,0.24250055759808833
weather,cs,NB,0.3294190388935711
weather,it,es,0.5564553529815176
weather,it,PT-PT,0.4730718671278914
weather,it,ro,0.5195545337563601
weather,it,da,0.2250809993269144
weather,it,fr,0.43938417901386695
weather,it,pl,0.36057771890555096
weather,it,hu,0.30040798924715895
weather,it,el,0.2613194918963413
weather,it,NB,0.2945685849405121
weather,es,PT-PT,0.48071862908041707
weather,es,ro,0.46609932755236055
weather,es,da,0.230671535293236
weather,es,fr,0.4340132399919857
weather,es,pl,0.3268468271808495
weather,es,hu,0.28913286962307655
weather,es,el,0.2592078058136188
weather,es,NB,0.27784838333171874
weather,PT-PT,ro,0.41760119544077395
weather,PT-PT,da,0.17837531048304084
weather,PT-PT,fr,0.4117225693858058
weather,PT-PT,pl,0.2976286340083953
weather,PT-PT,hu,0.24525822414645027
weather,PT-PT,el,0.2290467166036032
weather,PT-PT,NB,0.2604249370989191
weather,ro,da,0.2465356946895189
weather,ro,fr,0.4606750818246618
weather,ro,pl,0.3694220029294627
weather,ro,hu,0.30140298490978956
weather,ro,el,0.24047472550223895
weather,ro,NB,0.30404637145416685
weather,da,fr,0.1993383533251632
weather,da,pl,0.20910537247187885
weather,da,hu,0.24270198341657256
weather,da,el,0.17527820769570396
weather,da,NB,0.4803595731506477
weather,fr,pl,0.30501903103439587
weather,fr,hu,0.24046040604472976
weather,fr,el,0.23741570870386555
weather,fr,NB,0.25018778227024174
weather,pl,hu,0.2970611301441729
weather,pl,el,0.23209865281092734
weather,pl,NB,0.28325883495024123
weather,hu,el,0.2293232956608294
weather,hu,NB,0.3099279586688428
weather,el,NB,0.23027702933043012
